amount,loc,timestamp,expected_suspicious
1000,London,2026-02-04T20:35:55.164426,true
1123.63,Dubai,2026-02-04T20:35:55.164574,false
1119.07,Dubai,2026-02-04T20:35:55.164584,false
1066.47,Dubai,2026-02-04T20:35:55.164588,false
1069.46,Dubai,2026-02-04T20:35:55.164592,false
996.15,Dubai,2026-02-04T20:35:55.164595,false
1016.72,Dubai,2026-02-04T20:35:55.164598,false
1220.92,Dubai,2026-02-04T20:35:55.164600,false
904.74,Dubai,2026-02-04T20:35:55.164603,false
647.43,Dubai,2026-02-04T20:35:55.164605,false
1057.75,Dubai,2026-02-04T20:35:55.164608,false
906.64,Dubai,2026-02-04T20:35:55.164610,false
1070.17,Dubai,2026-02-04T20:35:55.164612,false
1490.15,Dubai,2026-02-04T20:35:55.164615,false
1129.47,Dubai,2026-02-04T20:35:55.164617,false
1299.9,Dubai,2026-02-04T20:35:55.164619,false
1328.46,Dubai,2026-02-04T20:35:55.164622,false
799.16,Dubai,2026-02-04T20:35:55.164624,false
885.2,Dubai,2026-02-04T20:35:55.164626,false
1167.29,Dubai,2026-02-04T20:35:55.164628,false
759.21,Dubai,2026-02-04T20:35:55.164631,false
815.56,Dubai,2026-02-04T20:35:55.164633,false
578.53,Dubai,2026-02-04T20:35:55.164635,false
1000,London,2026-02-04T20:35:55.164637,true
971.98,Dubai,2026-02-04T20:35:55.164640,false
911.19,Dubai,2026-02-04T20:35:55.164643,false
757.54,Dubai,2026-02-04T20:35:55.164645,false
705.07,Dubai,2026-02-04T20:35:55.164647,false
728.08,Dubai,2026-02-04T20:35:55.164649,false
1057.74,Dubai,2026-02-04T20:35:55.164652,false
777.39,Dubai,2026-02-04T20:35:55.164654,false
885.97,Dubai,2026-02-04T20:35:55.164656,false
706.22,Dubai,2026-02-04T20:35:55.164658,false
709.35,Dubai,2026-02-04T20:35:55.164660,false
1064.0,Dubai,2026-02-04T20:35:55.164662,false
915.02,Dubai,2026-02-04T20:35:55.164665,false
1096.3,Dubai,2026-02-04T20:35:55.164667,false
1140.24,Dubai,2026-02-04T20:35:55.164669,false
793.76,Dubai,2026-02-04T20:35:55.164672,false
882.73,Dubai,2026-02-04T20:35:55.164674,false
1036.84,Dubai,2026-02-04T20:35:55.164676,false
1075.04,Dubai,2026-02-04T20:35:55.164678,false
1311.81,Dubai,2026-02-04T20:35:55.164680,false
946.16,Dubai,2026-02-04T20:35:55.164682,false
1001.05,Dubai,2026-02-04T20:35:55.164684,false
1081.94,Dubai,2026-02-04T20:35:55.164687,false
856.01,Dubai,2026-02-04T20:35:55.164689,false
817.9,Dubai,2026-02-04T20:35:55.164691,false
1156.39,Dubai,2026-02-04T20:35:55.164693,false
1098.02,Dubai,2026-02-04T20:35:55.164695,false
700.44,Dubai,2026-02-04T20:35:55.164698,false
874.09,Dubai,2026-02-04T20:35:55.164700,false
1084.99,Dubai,2026-02-04T20:35:55.164702,false
998.77,Dubai,2026-02-04T20:35:55.164704,false
1238.73,Dubai,2026-02-04T20:35:55.164706,false
1306.39,Dubai,2026-02-04T20:35:55.164708,false
879.81,Dubai,2026-02-04T20:35:55.164710,false
761.31,Dubai,2026-02-04T20:35:55.164713,false
915.43,Dubai,2026-02-04T20:35:55.164715,false
1192.08,Dubai,2026-02-04T20:35:55.164717,false
1229.09,Dubai,2026-02-04T20:35:55.164719,false
1039.7,Dubai,2026-02-04T20:35:55.164721,false
1090.62,Dubai,2026-02-04T20:35:55.164723,false
693.09,Dubai,2026-02-04T20:35:55.164726,false
895.91,Dubai,2026-02-04T20:35:55.164728,false
1056.08,Dubai,2026-02-04T20:35:55.164730,false
771.91,Dubai,2026-02-04T20:35:55.164732,false
715.22,Dubai,2026-02-04T20:35:55.164734,false
839.95,Dubai,2026-02-04T20:35:55.164737,false
1220.21,Dubai,2026-02-04T20:35:55.164739,false
1339.38,Dubai,2026-02-04T20:35:55.164741,false
1227.47,Dubai,2026-02-04T20:35:55.164743,false
947.35,Dubai,2026-02-04T20:35:55.164745,false
1350.1,Dubai,2026-02-04T20:35:55.164748,false
936.26,Dubai,2026-02-04T20:35:55.164750,false
1173.06,Dubai,2026-02-04T20:35:55.164752,false
992.93,Dubai,2026-02-04T20:35:55.164754,false
1061.13,Dubai,2026-02-04T20:35:55.164757,false
816.2,Dubai,2026-02-04T20:35:55.164759,false
897.02,Dubai,2026-02-04T20:35:55.164761,false
1156.97,Dubai,2026-02-04T20:35:55.164763,false
565.05,Dubai,2026-02-04T20:35:55.164765,false
982.2,Dubai,2026-02-04T20:35:55.164767,false
1248.22,Dubai,2026-02-04T20:35:55.164769,false
1311.2,Dubai,2026-02-04T20:35:55.164772,false
1000,London,2026-02-04T20:35:55.164774,true
763.18,Dubai,2026-02-04T20:35:55.164776,false
986.76,Dubai,2026-02-04T20:35:55.164778,false
713.21,Dubai,2026-02-04T20:35:55.164780,false
971.38,Dubai,2026-02-04T20:35:55.164783,false
1356.54,Dubai,2026-02-04T20:35:55.164785,false
1480.62,Dubai,2026-02-04T20:35:55.164787,false
1179.28,Dubai,2026-02-04T20:35:55.164789,false
1182.27,Dubai,2026-02-04T20:35:55.164791,false
818.92,Dubai,2026-02-04T20:35:55.164794,false
798.19,Dubai,2026-02-04T20:35:55.164796,false
1100.9,Dubai,2026-02-04T20:35:55.164798,false
1336.85,Dubai,2026-02-04T20:35:55.164800,false
1332.25,Dubai,2026-02-04T20:35:55.164802,false
1116.86,Dubai,2026-02-04T20:35:55.164804,false
885.82,Dubai,2026-02-04T20:35:55.164806,false
923.9,Dubai,2026-02-04T20:35:55.164808,false
1002.93,Dubai,2026-02-04T20:35:55.164811,false
1028.95,Dubai,2026-02-04T20:35:55.164813,false
1362.27,Dubai,2026-02-04T20:35:55.164815,false
800.16,Dubai,2026-02-04T20:35:55.164817,false
1342.26,Dubai,2026-02-04T20:35:55.164819,false
936.18,Dubai,2026-02-04T20:35:55.164821,false
481.68,Dubai,2026-02-04T20:35:55.164824,false
962.85,Dubai,2026-02-04T20:35:55.164826,false
585.52,Dubai,2026-02-04T20:35:55.164828,false
1115.77,Dubai,2026-02-04T20:35:55.164830,false
1247.16,Dubai,2026-02-04T20:35:55.164832,false
1060.96,Dubai,2026-02-04T20:35:55.164834,false
1093.99,Dubai,2026-02-04T20:35:55.164836,false
984.91,Dubai,2026-02-04T20:35:55.164839,false
744.19,Dubai,2026-02-04T20:35:55.164841,false
819.93,Dubai,2026-02-04T20:35:55.164843,false
1094.98,Dubai,2026-02-04T20:35:55.164845,false
749.14,Dubai,2026-02-04T20:35:55.164847,false
895.57,Dubai,2026-02-04T20:35:55.164849,false
838.51,Dubai,2026-02-04T20:35:55.164850,false
1078.62,Dubai,2026-02-04T20:35:55.164852,false
891.41,Dubai,2026-02-04T20:35:55.164854,false
1117.03,Dubai,2026-02-04T20:35:55.164856,false
1038.17,Dubai,2026-02-04T20:35:55.164858,false
1147.31,Dubai,2026-02-04T20:35:55.164860,false
739.26,Dubai,2026-02-04T20:35:55.164863,false
1047.61,Dubai,2026-02-04T20:35:55.164866,false
1042.97,Dubai,2026-02-04T20:35:55.164868,false
661.65,Dubai,2026-02-04T20:35:55.164870,false
1020.41,Dubai,2026-02-04T20:35:55.164872,false
1085.87,Dubai,2026-02-04T20:35:55.164874,false
1465.9,Dubai,2026-02-04T20:35:55.164875,false
787.53,Dubai,2026-02-04T20:35:55.164877,false
1004.25,Dubai,2026-02-04T20:35:55.164879,false
896.42,Dubai,2026-02-04T20:35:55.164881,false
1110.84,Dubai,2026-02-04T20:35:55.164883,false
1110.68,Dubai,2026-02-04T20:35:55.164885,false
645.54,Dubai,2026-02-04T20:35:55.164887,false
1163.62,Dubai,2026-02-04T20:35:55.164889,false
624.36,Dubai,2026-02-04T20:35:55.164891,false
1097.1,Dubai,2026-02-04T20:35:55.164893,false
1249.98,Dubai,2026-02-04T20:35:55.164894,false
1273.7,Dubai,2026-02-04T20:35:55.164896,false
900.8,Dubai,2026-02-04T20:35:55.164898,false
1363.36,Dubai,2026-02-04T20:35:55.164900,false
1054.0,Dubai,2026-02-04T20:35:55.164902,false
1123.86,Dubai,2026-02-04T20:35:55.164904,false
973.49,Dubai,2026-02-04T20:35:55.164906,false
950.18,Dubai,2026-02-04T20:35:55.164908,false
2537.55,Dubai,2026-02-04T20:35:55.164910,true
993.03,Dubai,2026-02-04T20:35:55.164913,false
1116.73,Dubai,2026-02-04T20:35:55.164915,false
1328.49,Dubai,2026-02-04T20:35:55.164917,false
1171.17,Dubai,2026-02-04T20:35:55.164919,false
1222.13,Dubai,2026-02-04T20:35:55.164921,false
933.46,Dubai,2026-02-04T20:35:55.164923,false
1190.67,Dubai,2026-02-04T20:35:55.164925,false
630.53,Dubai,2026-02-04T20:35:55.164927,false
855.22,Dubai,2026-02-04T20:35:55.164929,false
1149.85,Dubai,2026-02-04T20:35:55.164930,false
925.67,Dubai,2026-02-04T20:35:55.164932,false
929.46,Dubai,2026-02-04T20:35:55.164934,false
865.01,Dubai,2026-02-04T20:35:55.164936,false
959.11,Dubai,2026-02-04T20:35:55.164938,false
842.34,Dubai,2026-02-04T20:35:55.164940,false
1005.48,Dubai,2026-02-04T20:35:55.164942,false
1105.64,Dubai,2026-02-04T20:35:55.164944,false
1210.08,Dubai,2026-02-04T20:35:55.164946,false
1312.33,Dubai,2026-02-04T20:35:55.164948,false
819.24,Dubai,2026-02-04T20:35:55.164950,false
1036.88,Dubai,2026-02-04T20:35:55.164952,false
970.86,Dubai,2026-02-04T20:35:55.164956,false
1084.73,Dubai,2026-02-04T20:35:55.164958,false
925.82,Dubai,2026-02-04T20:35:55.164960,false
835.33,Dubai,2026-02-04T20:35:55.164962,false
962.57,Dubai,2026-02-04T20:35:55.164964,false
781.13,Dubai,2026-02-04T20:35:55.164966,false
1264.13,Dubai,2026-02-04T20:35:55.164968,false
1142.97,Dubai,2026-02-04T20:35:55.164970,false
851.33,Dubai,2026-02-04T20:35:55.164972,false
1133.65,Dubai,2026-02-04T20:35:55.164974,false
1242.05,Dubai,2026-02-04T20:35:55.164975,false
850.8,Dubai,2026-02-04T20:35:55.164977,false
1159.35,Dubai,2026-02-04T20:35:55.164979,false
712.14,Dubai,2026-02-04T20:35:55.164981,false
1176.77,Dubai,2026-02-04T20:35:55.164983,false
852.39,Dubai,2026-02-04T20:35:55.164985,false
1269.11,Dubai,2026-02-04T20:35:55.164987,false
785.66,Dubai,2026-02-04T20:35:55.164989,false
1035.97,Dubai,2026-02-04T20:35:55.164991,false
1089.57,Dubai,2026-02-04T20:35:55.164992,false
914.56,Dubai,2026-02-04T20:35:55.164994,false
979.31,Dubai,2026-02-04T20:35:55.164996,false
1000,London,2026-02-04T20:35:55.164998,true
1035.79,Dubai,2026-02-04T20:35:55.165000,false
943.31,Dubai,2026-02-04T20:35:55.165002,false
592.1,Dubai,2026-02-04T20:35:55.165004,false
996.64,Dubai,2026-02-04T20:35:55.165006,false
941.2,Dubai,2026-02-04T20:35:55.165008,false
1204.66,Dubai,2026-02-04T20:35:55.165010,false
2283.47,Dubai,2026-02-04T20:35:55.165012,true
1008.29,Dubai,2026-02-04T20:35:55.165014,false
783.48,Dubai,2026-02-04T20:35:55.165016,false
1200.84,Dubai,2026-02-04T20:35:55.165018,false
1012.0,Dubai,2026-02-04T20:35:55.165020,false
1104.82,Dubai,2026-02-04T20:35:55.165022,false
1394.58,Dubai,2026-02-04T20:35:55.165024,false
937.61,Dubai,2026-02-04T20:35:55.165026,false
861.18,Dubai,2026-02-04T20:35:55.165027,false
1015.38,Dubai,2026-02-04T20:35:55.165029,false
991.7,Dubai,2026-02-04T20:35:55.165031,false
1123.58,Dubai,2026-02-04T20:35:55.165033,false
697.35,Dubai,2026-02-04T20:35:55.165035,false
1005.0,Dubai,2026-02-04T20:35:55.165037,false
1365.94,Dubai,2026-02-04T20:35:55.165039,false
984.9,Dubai,2026-02-04T20:35:55.165041,false
896.49,Dubai,2026-02-04T20:35:55.165043,false
885.96,Dubai,2026-02-04T20:35:55.165044,false
1138.54,Dubai,2026-02-04T20:35:55.165046,false
1191.3,Dubai,2026-02-04T20:35:55.165048,false
952.98,Dubai,2026-02-04T20:35:55.165050,false
995.44,Dubai,2026-02-04T20:35:55.165052,false
982.21,Dubai,2026-02-04T20:35:55.165054,false
975.46,Dubai,2026-02-04T20:35:55.165056,false
1173.22,Dubai,2026-02-04T20:35:55.165058,false
1188.38,Dubai,2026-02-04T20:35:55.165060,false
1182.71,Dubai,2026-02-04T20:35:55.165061,false
729.41,Dubai,2026-02-04T20:35:55.165063,false
993.86,Dubai,2026-02-04T20:35:55.165065,false
1022.73,Dubai,2026-02-04T20:35:55.165067,false
694.5,Dubai,2026-02-04T20:35:55.165069,false
753.18,Dubai,2026-02-04T20:35:55.165071,false
1081.82,Dubai,2026-02-04T20:35:55.165073,false
974.69,Dubai,2026-02-04T20:35:55.165075,false
695.7,Dubai,2026-02-04T20:35:55.165076,false
666.31,Dubai,2026-02-04T20:35:55.165078,false
663.28,Dubai,2026-02-04T20:35:55.165080,false
902.22,Dubai,2026-02-04T20:35:55.165082,false
1029.49,Dubai,2026-02-04T20:35:55.165084,false
901.54,Dubai,2026-02-04T20:35:55.165086,false
966.55,Dubai,2026-02-04T20:35:55.165088,false
986.35,Dubai,2026-02-04T20:35:55.165090,false
902.83,Dubai,2026-02-04T20:35:55.165091,false
1037.69,Dubai,2026-02-04T20:35:55.165093,false
1000,London,2026-02-04T20:35:55.165095,true
1141.69,Dubai,2026-02-04T20:35:55.165097,false
731.67,Dubai,2026-02-04T20:35:55.165099,false
1006.08,Dubai,2026-02-04T20:35:55.165101,false
963.23,Dubai,2026-02-04T20:35:55.165103,false
1054.36,Dubai,2026-02-04T20:35:55.165105,false
877.79,Dubai,2026-02-04T20:35:55.165107,false
1008.53,Dubai,2026-02-04T20:35:55.165108,false
1073.34,Dubai,2026-02-04T20:35:55.165110,false
1077.03,Dubai,2026-02-04T20:35:55.165112,false
1042.25,Dubai,2026-02-04T20:35:55.165114,false
1047.46,Dubai,2026-02-04T20:35:55.165116,false
1186.63,Dubai,2026-02-04T20:35:55.165118,false
1024.36,Dubai,2026-02-04T20:35:55.165120,false
1303.24,Dubai,2026-02-04T20:35:55.165122,false
1190.83,Dubai,2026-02-04T20:35:55.165123,false
677.64,Dubai,2026-02-04T20:35:55.165125,false
1090.09,Dubai,2026-02-04T20:35:55.165127,false
1058.2,Dubai,2026-02-04T20:35:55.165129,false
1170.66,Dubai,2026-02-04T20:35:55.165131,false
1207.98,Dubai,2026-02-04T20:35:55.165133,false
1094.47,Dubai,2026-02-04T20:35:55.165135,false
821.19,Dubai,2026-02-04T20:35:55.165137,false
1356.04,Dubai,2026-02-04T20:35:55.165138,false
875.72,Dubai,2026-02-04T20:35:55.165140,false
766.53,Dubai,2026-02-04T20:35:55.165142,false
1298.01,Dubai,2026-02-04T20:35:55.165144,false
1056.36,Dubai,2026-02-04T20:35:55.165146,false
1116.31,Dubai,2026-02-04T20:35:55.165148,false
2579.43,Dubai,2026-02-04T20:35:55.165150,true
791.09,Dubai,2026-02-04T20:35:55.165152,false
1259.74,Dubai,2026-02-04T20:35:55.165154,false
845.04,Dubai,2026-02-04T20:35:55.165155,false
766.25,Dubai,2026-02-04T20:35:55.165157,false
859.73,Dubai,2026-02-04T20:35:55.165159,false
1209.93,Dubai,2026-02-04T20:35:55.165161,false
673.47,Dubai,2026-02-04T20:35:55.165163,false
1193.14,Dubai,2026-02-04T20:35:55.165165,false
690.76,Dubai,2026-02-04T20:35:55.165167,false
854.7,Dubai,2026-02-04T20:35:55.165169,false
976.97,Dubai,2026-02-04T20:35:55.165170,false
1008.55,Dubai,2026-02-04T20:35:55.165172,false
1035.45,Dubai,2026-02-04T20:35:55.165174,false
830.17,Dubai,2026-02-04T20:35:55.165176,false
704.27,Dubai,2026-02-04T20:35:55.165178,false
1017.91,Dubai,2026-02-04T20:35:55.165180,false
1209.16,Dubai,2026-02-04T20:35:55.165181,false
1347.48,Dubai,2026-02-04T20:35:55.165183,false
775.36,Dubai,2026-02-04T20:35:55.165185,false
1047.93,Dubai,2026-02-04T20:35:55.165187,false
796.39,Dubai,2026-02-04T20:35:55.165189,false
993.19,Dubai,2026-02-04T20:35:55.165191,false
1277.34,Dubai,2026-02-04T20:35:55.165193,false
896.45,Dubai,2026-02-04T20:35:55.165195,false
1057.27,Dubai,2026-02-04T20:35:55.165197,false
1021.44,Dubai,2026-02-04T20:35:55.165199,false
1020.51,Dubai,2026-02-04T20:35:55.165200,false
963.74,Dubai,2026-02-04T20:35:55.165202,false
1063.58,Dubai,2026-02-04T20:35:55.165204,false
1075.32,Dubai,2026-02-04T20:35:55.165206,false
921.37,Dubai,2026-02-04T20:35:55.165208,false
818.14,Dubai,2026-02-04T20:35:55.165210,false
1250.39,Dubai,2026-02-04T20:35:55.165212,false
1154.84,Dubai,2026-02-04T20:35:55.165214,false
1170.81,Dubai,2026-02-04T20:35:55.165216,false
894.37,Dubai,2026-02-04T20:35:55.165218,false
917.87,Dubai,2026-02-04T20:35:55.165220,false
832.41,Dubai,2026-02-04T20:35:55.165222,false
832.77,Dubai,2026-02-04T20:35:55.165223,false
890.0,Dubai,2026-02-04T20:35:55.165225,false
1115.63,Dubai,2026-02-04T20:35:55.165227,false
956.79,Dubai,2026-02-04T20:35:55.165229,false
1096.4,Dubai,2026-02-04T20:35:55.165231,false
853.48,Dubai,2026-02-04T20:35:55.165233,false
914.75,Dubai,2026-02-04T20:35:55.165235,false
573.58,Dubai,2026-02-04T20:35:55.165237,false
460.38,Dubai,2026-02-04T20:35:55.165239,false
1003.56,Dubai,2026-02-04T20:35:55.165241,false
670.76,Dubai,2026-02-04T20:35:55.165242,false
1075.84,Dubai,2026-02-04T20:35:55.165244,false
707.23,Dubai,2026-02-04T20:35:55.165246,false
1436.55,Dubai,2026-02-04T20:35:55.165248,false
1180.05,Dubai,2026-02-04T20:35:55.165250,false
558.67,Dubai,2026-02-04T20:35:55.165252,false
1155.73,Dubai,2026-02-04T20:35:55.165254,false
1272.43,Dubai,2026-02-04T20:35:55.165256,false
1281.36,Dubai,2026-02-04T20:35:55.165257,false
2245.1,Dubai,2026-02-04T20:35:55.165259,true
1174.31,Dubai,2026-02-04T20:35:55.165261,false
1376.16,Dubai,2026-02-04T20:35:55.165263,false
1432.21,Dubai,2026-02-04T20:35:55.165265,false
1127.86,Dubai,2026-02-04T20:35:55.165267,false
817.28,Dubai,2026-02-04T20:35:55.165269,false
927.31,Dubai,2026-02-04T20:35:55.165271,false
1081.78,Dubai,2026-02-04T20:35:55.165273,false
806.48,Dubai,2026-02-04T20:35:55.165275,false
965.64,Dubai,2026-02-04T20:35:55.165276,false
861.77,Dubai,2026-02-04T20:35:55.165278,false
1188.31,Dubai,2026-02-04T20:35:55.165280,false
781.52,Dubai,2026-02-04T20:35:55.165282,false
1160.45,Dubai,2026-02-04T20:35:55.165288,false
1368.3,Dubai,2026-02-04T20:35:55.165290,false
1595.64,Dubai,2026-02-04T20:35:55.165292,false
1165.22,Dubai,2026-02-04T20:35:55.165294,false
755.58,Dubai,2026-02-04T20:35:55.165296,false
1078.09,Dubai,2026-02-04T20:35:55.165298,false
1490.76,Dubai,2026-02-04T20:35:55.165300,false
860.32,Dubai,2026-02-04T20:35:55.165302,false
819.81,Dubai,2026-02-04T20:35:55.165303,false
622.33,Dubai,2026-02-04T20:35:55.165305,false
843.86,Dubai,2026-02-04T20:35:55.165307,false
952.75,Dubai,2026-02-04T20:35:55.165309,false
2906.55,Dubai,2026-02-04T20:35:55.165311,true
925.45,Dubai,2026-02-04T20:35:55.165313,false
706.46,Dubai,2026-02-04T20:35:55.165315,false
902.67,Dubai,2026-02-04T20:35:55.165317,false
1032.96,Dubai,2026-02-04T20:35:55.165319,false
1090.83,Dubai,2026-02-04T20:35:55.165321,false
1166.39,Dubai,2026-02-04T20:35:55.165322,false
990.91,Dubai,2026-02-04T20:35:55.165324,false
2275.2,Dubai,2026-02-04T20:35:55.165326,true
988.05,Dubai,2026-02-04T20:35:55.165328,false
1117.51,Dubai,2026-02-04T20:35:55.165330,false
722.86,Dubai,2026-02-04T20:35:55.165332,false
901.52,Dubai,2026-02-04T20:35:55.165334,false
1197.99,Dubai,2026-02-04T20:35:55.165336,false
610.51,Dubai,2026-02-04T20:35:55.165338,false
514.38,Dubai,2026-02-04T20:35:55.165340,false
684.67,Dubai,2026-02-04T20:35:55.165341,false
1261.79,Dubai,2026-02-04T20:35:55.165343,false
2883.86,Dubai,2026-02-04T20:35:55.165345,true
1133.17,Dubai,2026-02-04T20:35:55.165347,false
1002.92,Dubai,2026-02-04T20:35:55.165349,false
962.93,Dubai,2026-02-04T20:35:55.165351,false
2495.79,Dubai,2026-02-04T20:35:55.165353,true
640.27,Dubai,2026-02-04T20:35:55.165355,false
820.39,Dubai,2026-02-04T20:35:55.165357,false
1185.06,Dubai,2026-02-04T20:35:55.165358,false
477.69,Dubai,2026-02-04T20:35:55.165360,false
933.49,Dubai,2026-02-04T20:35:55.165362,false
1222.27,Dubai,2026-02-04T20:35:55.165364,false
1061.03,Dubai,2026-02-04T20:35:55.165366,false
1003.7,Dubai,2026-02-04T20:35:55.165368,false
1033.88,Dubai,2026-02-04T20:35:55.165369,false
852.45,Dubai,2026-02-04T20:35:55.165371,false
957.34,Dubai,2026-02-04T20:35:55.165373,false
929.49,Dubai,2026-02-04T20:35:55.165375,false
1245.34,Dubai,2026-02-04T20:35:55.165377,false
558.15,Dubai,2026-02-04T20:35:55.165379,false
752.87,Dubai,2026-02-04T20:35:55.165381,false
953.86,Dubai,2026-02-04T20:35:55.165383,false
966.16,Dubai,2026-02-04T20:35:55.165384,false
1000.21,Dubai,2026-02-04T20:35:55.165386,false
1018.19,Dubai,2026-02-04T20:35:55.165388,false
1313.52,Dubai,2026-02-04T20:35:55.165390,false
1056.7,Dubai,2026-02-04T20:35:55.165392,false
1057.86,Dubai,2026-02-04T20:35:55.165394,false
1246.37,Dubai,2026-02-04T20:35:55.165396,false
1046.66,Dubai,2026-02-04T20:35:55.165398,false
1365.36,Dubai,2026-02-04T20:35:55.165399,false
949.23,Dubai,2026-02-04T20:35:55.165401,false
687.79,Dubai,2026-02-04T20:35:55.165403,false
866.85,Dubai,2026-02-04T20:35:55.165405,false
914.3,Dubai,2026-02-04T20:35:55.165407,false
1115.31,Dubai,2026-02-04T20:35:55.165409,false
1256.78,Dubai,2026-02-04T20:35:55.165411,false
912.32,Dubai,2026-02-04T20:35:55.165413,false
1170.53,Dubai,2026-02-04T20:35:55.165414,false
1000,London,2026-02-04T20:35:55.165416,true
1233.57,Dubai,2026-02-04T20:35:55.165418,false
1057.26,Dubai,2026-02-04T20:35:55.165420,false
1101.94,Dubai,2026-02-04T20:35:55.165422,false
816.13,Dubai,2026-02-04T20:35:55.165424,false
856.71,Dubai,2026-02-04T20:35:55.165426,false
933.91,Dubai,2026-02-04T20:35:55.165427,false
1032.04,Dubai,2026-02-04T20:35:55.165429,false
514.9,Dubai,2026-02-04T20:35:55.165431,false
1064.12,Dubai,2026-02-04T20:35:55.165433,false
1001.27,Dubai,2026-02-04T20:35:55.165435,false
1025.87,Dubai,2026-02-04T20:35:55.165437,false
1285.08,Dubai,2026-02-04T20:35:55.165439,false
1188.22,Dubai,2026-02-04T20:35:55.165441,false
893.41,Dubai,2026-02-04T20:35:55.165443,false
1342.21,Dubai,2026-02-04T20:35:55.165445,false
1262.73,Dubai,2026-02-04T20:35:55.165446,false
1179.79,Dubai,2026-02-04T20:35:55.165448,false
2856.09,Dubai,2026-02-04T20:35:55.165450,true
602.28,Dubai,2026-02-04T20:35:55.165452,false
793.73,Dubai,2026-02-04T20:35:55.165454,false
1238.66,Dubai,2026-02-04T20:35:55.165456,false
991.5,Dubai,2026-02-04T20:35:55.165458,false
753.56,Dubai,2026-02-04T20:35:55.165459,false
1308.73,Dubai,2026-02-04T20:35:55.165461,false
935.11,Dubai,2026-02-04T20:35:55.165463,false
884.7,Dubai,2026-02-04T20:35:55.165465,false
1110.37,Dubai,2026-02-04T20:35:55.165467,false
1237.53,Dubai,2026-02-04T20:35:55.165469,false
818.85,Dubai,2026-02-04T20:35:55.165471,false
1061.86,Dubai,2026-02-04T20:35:55.165473,false
1023.08,Dubai,2026-02-04T20:35:55.165474,false
1327.41,Dubai,2026-02-04T20:35:55.165476,false
1032.05,Dubai,2026-02-04T20:35:55.165478,false
1115.45,Dubai,2026-02-04T20:35:55.165480,false
1161.05,Dubai,2026-02-04T20:35:55.165482,false
1092.35,Dubai,2026-02-04T20:35:55.165484,false
850.12,Dubai,2026-02-04T20:35:55.165486,false
1301.61,Dubai,2026-02-04T20:35:55.165488,false
1336.51,Dubai,2026-02-04T20:35:55.165489,false
918.87,Dubai,2026-02-04T20:35:55.165491,false
861.55,Dubai,2026-02-04T20:35:55.165493,false
1371.87,Dubai,2026-02-04T20:35:55.165495,false
962.29,Dubai,2026-02-04T20:35:55.165497,false
922.94,Dubai,2026-02-04T20:35:55.165499,false
1036.02,Dubai,2026-02-04T20:35:55.165501,false
1024.93,Dubai,2026-02-04T20:35:55.165503,false
831.26,Dubai,2026-02-04T20:35:55.165505,false
971.48,Dubai,2026-02-04T20:35:55.165507,false
1153.66,Dubai,2026-02-04T20:35:55.165508,false
1105.69,Dubai,2026-02-04T20:35:55.165510,false
1054.32,Dubai,2026-02-04T20:35:55.165512,false
939.63,Dubai,2026-02-04T20:35:55.165514,false
798.38,Dubai,2026-02-04T20:35:55.165516,false
1144.03,Dubai,2026-02-04T20:35:55.165518,false
1034.39,Dubai,2026-02-04T20:35:55.165520,false
2551.91,Dubai,2026-02-04T20:35:55.165522,true
953.95,Dubai,2026-02-04T20:35:55.165524,false
2649.44,Dubai,2026-02-04T20:35:55.165526,true
941.29,Dubai,2026-02-04T20:35:55.165528,false
978.69,Dubai,2026-02-04T20:35:55.165530,false
767.1,Dubai,2026-02-04T20:35:55.165532,false
1327.71,Dubai,2026-02-04T20:35:55.165533,false
921.42,Dubai,2026-02-04T20:35:55.165535,false
1080.5,Dubai,2026-02-04T20:35:55.165537,false
2964.29,Dubai,2026-02-04T20:35:55.165539,true
1000,London,2026-02-04T20:35:55.165541,true
853.9,Dubai,2026-02-04T20:35:55.165543,false
972.83,Dubai,2026-02-04T20:35:55.165545,false
1481.73,Dubai,2026-02-04T20:35:55.165547,false
1000,London,2026-02-04T20:35:55.165549,true
1043.19,Dubai,2026-02-04T20:35:55.165550,false
1465.07,Dubai,2026-02-04T20:35:55.165552,false
927.04,Dubai,2026-02-04T20:35:55.165554,false
1068.27,Dubai,2026-02-04T20:35:55.165556,false
945.17,Dubai,2026-02-04T20:35:55.165558,false
1037.02,Dubai,2026-02-04T20:35:55.165560,false
938.08,Dubai,2026-02-04T20:35:55.165562,false
1013.25,Dubai,2026-02-04T20:35:55.165563,false
995.91,Dubai,2026-02-04T20:35:55.165565,false
1035.96,Dubai,2026-02-04T20:35:55.165567,false
741.05,Dubai,2026-02-04T20:35:55.165569,false
900.93,Dubai,2026-02-04T20:35:55.165571,false
719.57,Dubai,2026-02-04T20:35:55.165573,false
1171.27,Dubai,2026-02-04T20:35:55.165575,false
1187.52,Dubai,2026-02-04T20:35:55.165577,false
929.58,Dubai,2026-02-04T20:35:55.165579,false
927.42,Dubai,2026-02-04T20:35:55.165581,false
955.87,Dubai,2026-02-04T20:35:55.165582,false
1071.26,Dubai,2026-02-04T20:35:55.165584,false
969.4,Dubai,2026-02-04T20:35:55.165586,false
711.52,Dubai,2026-02-04T20:35:55.165594,false
836.26,Dubai,2026-02-04T20:35:55.165596,false
801.8,Dubai,2026-02-04T20:35:55.165598,false
806.07,Dubai,2026-02-04T20:35:55.165600,false
1201.74,Dubai,2026-02-04T20:35:55.165602,false
1056.1,Dubai,2026-02-04T20:35:55.165604,false
936.2,Dubai,2026-02-04T20:35:55.165606,false
1210.57,Dubai,2026-02-04T20:35:55.165607,false
1052.38,Dubai,2026-02-04T20:35:55.165609,false
1086.58,Dubai,2026-02-04T20:35:55.165611,false
1041.58,Dubai,2026-02-04T20:35:55.165613,false
958.61,Dubai,2026-02-04T20:35:55.165615,false
1087.33,Dubai,2026-02-04T20:35:55.165617,false
1000,London,2026-02-04T20:35:55.165619,true
719.71,Dubai,2026-02-04T20:35:55.165621,false
693.06,Dubai,2026-02-04T20:35:55.165625,false
700.7,Dubai,2026-02-04T20:35:55.165627,false
1433.95,Dubai,2026-02-04T20:35:55.165629,false
487.04,Dubai,2026-02-04T20:35:55.165631,false
798.58,Dubai,2026-02-04T20:35:55.165633,false
1067.44,Dubai,2026-02-04T20:35:55.165635,false
1192.45,Dubai,2026-02-04T20:35:55.165637,false
1084.39,Dubai,2026-02-04T20:35:55.165639,false
1253.67,Dubai,2026-02-04T20:35:55.165641,false
1229.66,Dubai,2026-02-04T20:35:55.165643,false
863.23,Dubai,2026-02-04T20:35:55.165645,false
990.51,Dubai,2026-02-04T20:35:55.165647,false
573.43,Dubai,2026-02-04T20:35:55.165648,false
1270.24,Dubai,2026-02-04T20:35:55.165650,false
698.82,Dubai,2026-02-04T20:35:55.165652,false
951.47,Dubai,2026-02-04T20:35:55.165654,false
842.62,Dubai,2026-02-04T20:35:55.165656,false
1251.92,Dubai,2026-02-04T20:35:55.165658,false
835.45,Dubai,2026-02-04T20:35:55.165660,false
999.29,Dubai,2026-02-04T20:35:55.165662,false
1070.74,Dubai,2026-02-04T20:35:55.165664,false
968.97,Dubai,2026-02-04T20:35:55.165665,false
808.79,Dubai,2026-02-04T20:35:55.165667,false
1105.23,Dubai,2026-02-04T20:35:55.165669,false
627.47,Dubai,2026-02-04T20:35:55.165671,false
1294.06,Dubai,2026-02-04T20:35:55.165673,false
1121.86,Dubai,2026-02-04T20:35:55.165675,false
979.7,Dubai,2026-02-04T20:35:55.165677,false
868.91,Dubai,2026-02-04T20:35:55.165679,false
818.12,Dubai,2026-02-04T20:35:55.165680,false
2624.63,Dubai,2026-02-04T20:35:55.165682,true
1093.42,Dubai,2026-02-04T20:35:55.165684,false
1035.82,Dubai,2026-02-04T20:35:55.165686,false
1485.04,Dubai,2026-02-04T20:35:55.165688,false
946.13,Dubai,2026-02-04T20:35:55.165690,false
1246.12,Dubai,2026-02-04T20:35:55.165692,false
909.25,Dubai,2026-02-04T20:35:55.165694,false
1070.07,Dubai,2026-02-04T20:35:55.165696,false
1081.34,Dubai,2026-02-04T20:35:55.165698,false
1442.49,Dubai,2026-02-04T20:35:55.165700,false
853.6,Dubai,2026-02-04T20:35:55.165702,false
831.62,Dubai,2026-02-04T20:35:55.165704,false
1000,London,2026-02-04T20:35:55.165705,true
1309.74,Dubai,2026-02-04T20:35:55.165707,false
1202.98,Dubai,2026-02-04T20:35:55.165709,false
1191.79,Dubai,2026-02-04T20:35:55.165711,false
651.44,Dubai,2026-02-04T20:35:55.165713,false
520.24,Dubai,2026-02-04T20:35:55.165714,false
1203.59,Dubai,2026-02-04T20:35:55.165716,false
818.17,Dubai,2026-02-04T20:35:55.165718,false
1154.37,Dubai,2026-02-04T20:35:55.165720,false
1044.78,Dubai,2026-02-04T20:35:55.165722,false
866.65,Dubai,2026-02-04T20:35:55.165724,false
1013.36,Dubai,2026-02-04T20:35:55.165726,false
885.75,Dubai,2026-02-04T20:35:55.165728,false
1168.67,Dubai,2026-02-04T20:35:55.165729,false
883.78,Dubai,2026-02-04T20:35:55.165731,false
1078.22,Dubai,2026-02-04T20:35:55.165733,false
630.38,Dubai,2026-02-04T20:35:55.165735,false
589.64,Dubai,2026-02-04T20:35:55.165737,false
1279.31,Dubai,2026-02-04T20:35:55.165739,false
953.56,Dubai,2026-02-04T20:35:55.165741,false
1197.03,Dubai,2026-02-04T20:35:55.165743,false
1052.4,Dubai,2026-02-04T20:35:55.165744,false
826.97,Dubai,2026-02-04T20:35:55.165746,false
956.79,Dubai,2026-02-04T20:35:55.165748,false
979.41,Dubai,2026-02-04T20:35:55.165750,false
744.68,Dubai,2026-02-04T20:35:55.165752,false
865.4,Dubai,2026-02-04T20:35:55.165754,false
1287.28,Dubai,2026-02-04T20:35:55.165755,false
2330.51,Dubai,2026-02-04T20:35:55.165757,true
1008.53,Dubai,2026-02-04T20:35:55.165759,false
1147.14,Dubai,2026-02-04T20:35:55.165761,false
740.57,Dubai,2026-02-04T20:35:55.165763,false
981.38,Dubai,2026-02-04T20:35:55.165765,false
931.01,Dubai,2026-02-04T20:35:55.165767,false
898.13,Dubai,2026-02-04T20:35:55.165769,false
1008.05,Dubai,2026-02-04T20:35:55.165771,false
1182.16,Dubai,2026-02-04T20:35:55.165772,false
1149.56,Dubai,2026-02-04T20:35:55.165774,false
928.3,Dubai,2026-02-04T20:35:55.165776,false
1307.27,Dubai,2026-02-04T20:35:55.165778,false
966.71,Dubai,2026-02-04T20:35:55.165780,false
853.51,Dubai,2026-02-04T20:35:55.165782,false
942.49,Dubai,2026-02-04T20:35:55.165784,false
1044.99,Dubai,2026-02-04T20:35:55.165786,false
1273.66,Dubai,2026-02-04T20:35:55.165787,false
754.31,Dubai,2026-02-04T20:35:55.165789,false
1279.05,Dubai,2026-02-04T20:35:55.165791,false
958.56,Dubai,2026-02-04T20:35:55.165793,false
794.54,Dubai,2026-02-04T20:35:55.165795,false
1000,London,2026-02-04T20:35:55.165797,true
1255.58,Dubai,2026-02-04T20:35:55.165799,false
1034.88,Dubai,2026-02-04T20:35:55.165801,false
904.42,Dubai,2026-02-04T20:35:55.165802,false
1207.45,Dubai,2026-02-04T20:35:55.165804,false
1346.19,Dubai,2026-02-04T20:35:55.165806,false
942.13,Dubai,2026-02-04T20:35:55.165808,false
1026.31,Dubai,2026-02-04T20:35:55.165810,false
1310.47,Dubai,2026-02-04T20:35:55.165812,false
1045.34,Dubai,2026-02-04T20:35:55.165814,false
976.69,Dubai,2026-02-04T20:35:55.165816,false
1170.58,Dubai,2026-02-04T20:35:55.165818,false
1167.66,Dubai,2026-02-04T20:35:55.165819,false
840.61,Dubai,2026-02-04T20:35:55.165821,false
716.99,Dubai,2026-02-04T20:35:55.165823,false
928.58,Dubai,2026-02-04T20:35:55.165825,false
1062.16,Dubai,2026-02-04T20:35:55.165827,false
999.79,Dubai,2026-02-04T20:35:55.165829,false
808.79,Dubai,2026-02-04T20:35:55.165831,false
1078.58,Dubai,2026-02-04T20:35:55.165833,false
1274.88,Dubai,2026-02-04T20:35:55.165834,false
965.66,Dubai,2026-02-04T20:35:55.165836,false
1002.55,Dubai,2026-02-04T20:35:55.165838,false
824.06,Dubai,2026-02-04T20:35:55.165840,false
1087.77,Dubai,2026-02-04T20:35:55.165842,false
1314.5,Dubai,2026-02-04T20:35:55.165844,false
934.42,Dubai,2026-02-04T20:35:55.165846,false
760.86,Dubai,2026-02-04T20:35:55.165848,false
1192.19,Dubai,2026-02-04T20:35:55.165849,false
814.54,Dubai,2026-02-04T20:35:55.165851,false
1019.17,Dubai,2026-02-04T20:35:55.165853,false
2154.06,Dubai,2026-02-04T20:35:55.165855,true
929.62,Dubai,2026-02-04T20:35:55.165857,false
1144.29,Dubai,2026-02-04T20:35:55.165859,false
960.83,Dubai,2026-02-04T20:35:55.165861,false
869.5,Dubai,2026-02-04T20:35:55.165863,false
1125.71,Dubai,2026-02-04T20:35:55.165865,false
1000,London,2026-02-04T20:35:55.165867,true
2537.45,Dubai,2026-02-04T20:35:55.165868,true
781.95,Dubai,2026-02-04T20:35:55.165870,false
675.86,Dubai,2026-02-04T20:35:55.165872,false
860.77,Dubai,2026-02-04T20:35:55.165874,false
932.46,Dubai,2026-02-04T20:35:55.165876,false
1097.0,Dubai,2026-02-04T20:35:55.165878,false
990.6,Dubai,2026-02-04T20:35:55.165880,false
769.51,Dubai,2026-02-04T20:35:55.165882,false
969.38,Dubai,2026-02-04T20:35:55.165884,false
1154.02,Dubai,2026-02-04T20:35:55.165885,false
1063.53,Dubai,2026-02-04T20:35:55.165887,false
1188.06,Dubai,2026-02-04T20:35:55.165889,false
1069.52,Dubai,2026-02-04T20:35:55.165891,false
929.54,Dubai,2026-02-04T20:35:55.165893,false
986.7,Dubai,2026-02-04T20:35:55.165895,false
1177.38,Dubai,2026-02-04T20:35:55.165897,false
745.57,Dubai,2026-02-04T20:35:55.165899,false
797.31,Dubai,2026-02-04T20:35:55.165901,false
758.22,Dubai,2026-02-04T20:35:55.165902,false
968.13,Dubai,2026-02-04T20:35:55.165904,false
2062.28,Dubai,2026-02-04T20:35:55.165906,true
1043.72,Dubai,2026-02-04T20:35:55.165908,false
1103.67,Dubai,2026-02-04T20:35:55.165910,false
1351.7,Dubai,2026-02-04T20:35:55.165912,false
891.02,Dubai,2026-02-04T20:35:55.165914,false
1111.61,Dubai,2026-02-04T20:35:55.165916,false
1373.73,Dubai,2026-02-04T20:35:55.165918,false
1163.5,Dubai,2026-02-04T20:35:55.165919,false
1289.46,Dubai,2026-02-04T20:35:55.165921,false
948.23,Dubai,2026-02-04T20:35:55.165923,false
863.0,Dubai,2026-02-04T20:35:55.165925,false
1068.67,Dubai,2026-02-04T20:35:55.165927,false
1065.66,Dubai,2026-02-04T20:35:55.165929,false
893.7,Dubai,2026-02-04T20:35:55.165931,false
755.26,Dubai,2026-02-04T20:35:55.165932,false
1141.64,Dubai,2026-02-04T20:35:55.165934,false
1103.22,Dubai,2026-02-04T20:35:55.165936,false
1324.98,Dubai,2026-02-04T20:35:55.165938,false
794.4,Dubai,2026-02-04T20:35:55.165940,false
1177.9,Dubai,2026-02-04T20:35:55.165942,false
1161.82,Dubai,2026-02-04T20:35:55.165944,false
1142.99,Dubai,2026-02-04T20:35:55.165946,false
795.5,Dubai,2026-02-04T20:35:55.165947,false
968.83,Dubai,2026-02-04T20:35:55.165949,false
791.0,Dubai,2026-02-04T20:35:55.165951,false
1134.25,Dubai,2026-02-04T20:35:55.165959,false
940.89,Dubai,2026-02-04T20:35:55.165961,false
1181.37,Dubai,2026-02-04T20:35:55.165963,false
1117.05,Dubai,2026-02-04T20:35:55.165965,false
944.57,Dubai,2026-02-04T20:35:55.165967,false
846.32,Dubai,2026-02-04T20:35:55.165969,false
1207.72,Dubai,2026-02-04T20:35:55.165971,false
1278.78,Dubai,2026-02-04T20:35:55.165973,false
1377.04,Dubai,2026-02-04T20:35:55.165975,false
1000,London,2026-02-04T20:35:55.165976,true
1049.09,Dubai,2026-02-04T20:35:55.165978,false
1163.76,Dubai,2026-02-04T20:35:55.165980,false
580.86,Dubai,2026-02-04T20:35:55.165982,false
979.37,Dubai,2026-02-04T20:35:55.165984,false
804.15,Dubai,2026-02-04T20:35:55.165986,false
1092.43,Dubai,2026-02-04T20:35:55.165988,false
983.51,Dubai,2026-02-04T20:35:55.165989,false
945.93,Dubai,2026-02-04T20:35:55.165991,false
1000.12,Dubai,2026-02-04T20:35:55.165993,false
952.6,Dubai,2026-02-04T20:35:55.165995,false
1542.74,Dubai,2026-02-04T20:35:55.165997,false
1134.37,Dubai,2026-02-04T20:35:55.165999,false
932.12,Dubai,2026-02-04T20:35:55.166001,false
902.22,Dubai,2026-02-04T20:35:55.166003,false
913.48,Dubai,2026-02-04T20:35:55.166005,false
1001.5,Dubai,2026-02-04T20:35:55.166006,false
952.08,Dubai,2026-02-04T20:35:55.166008,false
628.79,Dubai,2026-02-04T20:35:55.166010,false
1077.54,Dubai,2026-02-04T20:35:55.166012,false
1127.93,Dubai,2026-02-04T20:35:55.166014,false
816.82,Dubai,2026-02-04T20:35:55.166016,false
1092.15,Dubai,2026-02-04T20:35:55.166018,false
1070.72,Dubai,2026-02-04T20:35:55.166020,false
1076.76,Dubai,2026-02-04T20:35:55.166022,false
557.97,Dubai,2026-02-04T20:35:55.166023,false
1304.74,Dubai,2026-02-04T20:35:55.166025,false
1000.6,Dubai,2026-02-04T20:35:55.166027,false
1164.75,Dubai,2026-02-04T20:35:55.166029,false
860.3,Dubai,2026-02-04T20:35:55.166031,false
1029.48,Dubai,2026-02-04T20:35:55.166033,false
514.27,Dubai,2026-02-04T20:35:55.166035,false
1071.14,Dubai,2026-02-04T20:35:55.166037,false
1103.05,Dubai,2026-02-04T20:35:55.166038,false
731.79,Dubai,2026-02-04T20:35:55.166040,false
1308.32,Dubai,2026-02-04T20:35:55.166042,false
1013.46,Dubai,2026-02-04T20:35:55.166044,false
1210.16,Dubai,2026-02-04T20:35:55.166046,false
764.47,Dubai,2026-02-04T20:35:55.166048,false
1032.46,Dubai,2026-02-04T20:35:55.166050,false
816.03,Dubai,2026-02-04T20:35:55.166051,false
983.69,Dubai,2026-02-04T20:35:55.166053,false
1111.9,Dubai,2026-02-04T20:35:55.166055,false
953.34,Dubai,2026-02-04T20:35:55.166057,false
750.83,Dubai,2026-02-04T20:35:55.166059,false
640.92,Dubai,2026-02-04T20:35:55.166061,false
858.46,Dubai,2026-02-04T20:35:55.166063,false
745.66,Dubai,2026-02-04T20:35:55.166065,false
931.44,Dubai,2026-02-04T20:35:55.166066,false
1082.62,Dubai,2026-02-04T20:35:55.166068,false
988.37,Dubai,2026-02-04T20:35:55.166070,false
699.77,Dubai,2026-02-04T20:35:55.166072,false
982.33,Dubai,2026-02-04T20:35:55.166074,false
940.03,Dubai,2026-02-04T20:35:55.166076,false
914.78,Dubai,2026-02-04T20:35:55.166078,false
774.66,Dubai,2026-02-04T20:35:55.166079,false
997.8,Dubai,2026-02-04T20:35:55.166082,false
1082.54,Dubai,2026-02-04T20:35:55.166083,false
799.48,Dubai,2026-02-04T20:35:55.166085,false
1234.52,Dubai,2026-02-04T20:35:55.166087,false
832.0,Dubai,2026-02-04T20:35:55.166089,false
1268.57,Dubai,2026-02-04T20:35:55.166091,false
619.66,Dubai,2026-02-04T20:35:55.166093,false
969.57,Dubai,2026-02-04T20:35:55.166095,false
2398.17,Dubai,2026-02-04T20:35:55.166097,true
1081.62,Dubai,2026-02-04T20:35:55.166098,false
1031.95,Dubai,2026-02-04T20:35:55.166100,false
1125.01,Dubai,2026-02-04T20:35:55.166102,false
519.57,Dubai,2026-02-04T20:35:55.166104,false
776.06,Dubai,2026-02-04T20:35:55.166106,false
1406.23,Dubai,2026-02-04T20:35:55.166108,false
876.36,Dubai,2026-02-04T20:35:55.166110,false
1433.02,Dubai,2026-02-04T20:35:55.166112,false
948.51,Dubai,2026-02-04T20:35:55.166114,false
2483.93,Dubai,2026-02-04T20:35:55.166116,true
951.24,Dubai,2026-02-04T20:35:55.166118,false
746.32,Dubai,2026-02-04T20:35:55.166120,false
1132.07,Dubai,2026-02-04T20:35:55.166122,false
2565.23,Dubai,2026-02-04T20:35:55.166124,true
1080.27,Dubai,2026-02-04T20:35:55.166126,false
1067.87,Dubai,2026-02-04T20:35:55.166128,false
964.16,Dubai,2026-02-04T20:35:55.166130,false
1217.82,Dubai,2026-02-04T20:35:55.166131,false
1136.15,Dubai,2026-02-04T20:35:55.166133,false
1022.18,Dubai,2026-02-04T20:35:55.166135,false
685.41,Dubai,2026-02-04T20:35:55.166137,false
698.7,Dubai,2026-02-04T20:35:55.166139,false
1079.27,Dubai,2026-02-04T20:35:55.166141,false
821.76,Dubai,2026-02-04T20:35:55.166143,false
1201.09,Dubai,2026-02-04T20:35:55.166145,false
1167.71,Dubai,2026-02-04T20:35:55.166146,false
672.59,Dubai,2026-02-04T20:35:55.166148,false
864.16,Dubai,2026-02-04T20:35:55.166150,false
1150.08,Dubai,2026-02-04T20:35:55.166152,false
751.37,Dubai,2026-02-04T20:35:55.166154,false
1487.88,Dubai,2026-02-04T20:35:55.166156,false
1173.65,Dubai,2026-02-04T20:35:55.166158,false
1079.71,Dubai,2026-02-04T20:35:55.166159,false
571.39,Dubai,2026-02-04T20:35:55.166161,false
1394.44,Dubai,2026-02-04T20:35:55.166163,false
901.37,Dubai,2026-02-04T20:35:55.166165,false
979.8,Dubai,2026-02-04T20:35:55.166167,false
665.75,Dubai,2026-02-04T20:35:55.166169,false
1040.9,Dubai,2026-02-04T20:35:55.166171,false
940.3,Dubai,2026-02-04T20:35:55.166173,false
1200.75,Dubai,2026-02-04T20:35:55.166175,false
867.8,Dubai,2026-02-04T20:35:55.166176,false
987.31,Dubai,2026-02-04T20:35:55.166178,false
699.15,Dubai,2026-02-04T20:35:55.166180,false
977.82,Dubai,2026-02-04T20:35:55.166182,false
1152.89,Dubai,2026-02-04T20:35:55.166184,false
943.9,Dubai,2026-02-04T20:35:55.166186,false
939.82,Dubai,2026-02-04T20:35:55.166188,false
1000,London,2026-02-04T20:35:55.166190,true
879.51,Dubai,2026-02-04T20:35:55.166191,false
997.91,Dubai,2026-02-04T20:35:55.166193,false
1257.97,Dubai,2026-02-04T20:35:55.166195,false
1130.25,Dubai,2026-02-04T20:35:55.166197,false
1014.79,Dubai,2026-02-04T20:35:55.166199,false
2122.31,Dubai,2026-02-04T20:35:55.166201,true
769.1,Dubai,2026-02-04T20:35:55.166203,false
1442.46,Dubai,2026-02-04T20:35:55.166205,false
820.22,Dubai,2026-02-04T20:35:55.166206,false
957.59,Dubai,2026-02-04T20:35:55.166208,false
1335.73,Dubai,2026-02-04T20:35:55.166210,false
1181.33,Dubai,2026-02-04T20:35:55.166212,false
1213.6,Dubai,2026-02-04T20:35:55.166214,false
739.07,Dubai,2026-02-04T20:35:55.166216,false
961.08,Dubai,2026-02-04T20:35:55.166218,false
694.5,Dubai,2026-02-04T20:35:55.166220,false
1089.71,Dubai,2026-02-04T20:35:55.166222,false
1116.89,Dubai,2026-02-04T20:35:55.166224,false
607.38,Dubai,2026-02-04T20:35:55.166225,false
867.66,Dubai,2026-02-04T20:35:55.166227,false
1086.94,Dubai,2026-02-04T20:35:55.166229,false
943.02,Dubai,2026-02-04T20:35:55.166231,false
1000,London,2026-02-04T20:35:55.166233,true
1067.4,Dubai,2026-02-04T20:35:55.166235,false
949.81,Dubai,2026-02-04T20:35:55.166237,false
1059.64,Dubai,2026-02-04T20:35:55.166238,false
989.64,Dubai,2026-02-04T20:35:55.166240,false
1143.89,Dubai,2026-02-04T20:35:55.166242,false
1039.3,Dubai,2026-02-04T20:35:55.166244,false
779.58,Dubai,2026-02-04T20:35:55.166246,false
866.18,Dubai,2026-02-04T20:35:55.166248,false
805.5,Dubai,2026-02-04T20:35:55.166250,false
838.65,Dubai,2026-02-04T20:35:55.166252,false
950.46,Dubai,2026-02-04T20:35:55.166253,false
984.11,Dubai,2026-02-04T20:35:55.166255,false
782.96,Dubai,2026-02-04T20:35:55.166257,false
1236.51,Dubai,2026-02-04T20:35:55.166259,false
986.92,Dubai,2026-02-04T20:35:55.166261,false
1210.87,Dubai,2026-02-04T20:35:55.166263,false
950.74,Dubai,2026-02-04T20:35:55.166265,false
1233.0,Dubai,2026-02-04T20:35:55.166266,false
1083.51,Dubai,2026-02-04T20:35:55.166268,false
1134.85,Dubai,2026-02-04T20:35:55.166270,false
566.25,Dubai,2026-02-04T20:35:55.166272,false
988.34,Dubai,2026-02-04T20:35:55.166274,false
855.58,Dubai,2026-02-04T20:35:55.166276,false
1326.87,Dubai,2026-02-04T20:35:55.166278,false
1300.6,Dubai,2026-02-04T20:35:55.166279,false
1210.86,Dubai,2026-02-04T20:35:55.166281,false
874.15,Dubai,2026-02-04T20:35:55.166283,false
646.37,Dubai,2026-02-04T20:35:55.166285,false
1067.35,Dubai,2026-02-04T20:35:55.166289,false
839.81,Dubai,2026-02-04T20:35:55.166291,false
998.92,Dubai,2026-02-04T20:35:55.166293,false
1547.51,Dubai,2026-02-04T20:35:55.166295,false
930.28,Dubai,2026-02-04T20:35:55.166297,false
1053.71,Dubai,2026-02-04T20:35:55.166299,false
864.26,Dubai,2026-02-04T20:35:55.166300,false
1115.67,Dubai,2026-02-04T20:35:55.166302,false
1126.79,Dubai,2026-02-04T20:35:55.166304,false
609.93,Dubai,2026-02-04T20:35:55.166306,false
1172.34,Dubai,2026-02-04T20:35:55.166308,false
972.08,Dubai,2026-02-04T20:35:55.166310,false
884.5,Dubai,2026-02-04T20:35:55.166312,false
1331.72,Dubai,2026-02-04T20:35:55.166314,false
971.85,Dubai,2026-02-04T20:35:55.166315,false
937.88,Dubai,2026-02-04T20:35:55.166317,false
1122.93,Dubai,2026-02-04T20:35:55.166319,false
1284.33,Dubai,2026-02-04T20:35:55.166321,false
673.87,Dubai,2026-02-04T20:35:55.166323,false
1182.74,Dubai,2026-02-04T20:35:55.166325,false
848.97,Dubai,2026-02-04T20:35:55.166327,false
1242.27,Dubai,2026-02-04T20:35:55.166329,false
1009.39,Dubai,2026-02-04T20:35:55.166330,false
584.02,Dubai,2026-02-04T20:35:55.166332,false
967.73,Dubai,2026-02-04T20:35:55.166334,false
1270.81,Dubai,2026-02-04T20:35:55.166336,false
1044.38,Dubai,2026-02-04T20:35:55.166338,false
1247.48,Dubai,2026-02-04T20:35:55.166340,false
956.98,Dubai,2026-02-04T20:35:55.166342,false
1085.01,Dubai,2026-02-04T20:35:55.166344,false
795.87,Dubai,2026-02-04T20:35:55.166345,false
1139.29,Dubai,2026-02-04T20:35:55.166347,false
1151.22,Dubai,2026-02-04T20:35:55.166349,false
1116.81,Dubai,2026-02-04T20:35:55.166351,false
1202.23,Dubai,2026-02-04T20:35:55.166353,false
909.64,Dubai,2026-02-04T20:35:55.166355,false
959.57,Dubai,2026-02-04T20:35:55.166357,false
720.64,Dubai,2026-02-04T20:35:55.166359,false
966.55,Dubai,2026-02-04T20:35:55.166360,false
741.66,Dubai,2026-02-04T20:35:55.166362,false
1047.57,Dubai,2026-02-04T20:35:55.166364,false
1375.69,Dubai,2026-02-04T20:35:55.166366,false
1049.59,Dubai,2026-02-04T20:35:55.166368,false
908.63,Dubai,2026-02-04T20:35:55.166370,false
1179.58,Dubai,2026-02-04T20:35:55.166372,false
1224.17,Dubai,2026-02-04T20:35:55.166374,false
1068.06,Dubai,2026-02-04T20:35:55.166376,false
1036.54,Dubai,2026-02-04T20:35:55.166378,false
1060.11,Dubai,2026-02-04T20:35:55.166379,false
1000,London,2026-02-04T20:35:55.166381,true
1424.75,Dubai,2026-02-04T20:35:55.166383,false
1266.18,Dubai,2026-02-04T20:35:55.166385,false
960.15,Dubai,2026-02-04T20:35:55.166387,false
1220.04,Dubai,2026-02-04T20:35:55.166389,false
1125.12,Dubai,2026-02-04T20:35:55.166390,false
765.93,Dubai,2026-02-04T20:35:55.166392,false
725.54,Dubai,2026-02-04T20:35:55.166394,false
1055.75,Dubai,2026-02-04T20:35:55.166396,false
1272.03,Dubai,2026-02-04T20:35:55.166398,false
1307.13,Dubai,2026-02-04T20:35:55.166400,false
1174.7,Dubai,2026-02-04T20:35:55.166402,false
949.18,Dubai,2026-02-04T20:35:55.166404,false
905.19,Dubai,2026-02-04T20:35:55.166406,false
943.53,Dubai,2026-02-04T20:35:55.166407,false
1043.99,Dubai,2026-02-04T20:35:55.166409,false
1192.29,Dubai,2026-02-04T20:35:55.166411,false
852.93,Dubai,2026-02-04T20:35:55.166413,false
469.33,Dubai,2026-02-04T20:35:55.166415,false
850.86,Dubai,2026-02-04T20:35:55.166417,false
1074.8,Dubai,2026-02-04T20:35:55.166419,false
1137.37,Dubai,2026-02-04T20:35:55.166421,false
976.41,Dubai,2026-02-04T20:35:55.166423,false
751.14,Dubai,2026-02-04T20:35:55.166424,false
1190.25,Dubai,2026-02-04T20:35:55.166426,false
996.26,Dubai,2026-02-04T20:35:55.166428,false
926.29,Dubai,2026-02-04T20:35:55.166430,false
1133.05,Dubai,2026-02-04T20:35:55.166432,false
1073.19,Dubai,2026-02-04T20:35:55.166434,false
1041.67,Dubai,2026-02-04T20:35:55.166436,false
1332.55,Dubai,2026-02-04T20:35:55.166438,false
896.9,Dubai,2026-02-04T20:35:55.166440,false
800.44,Dubai,2026-02-04T20:35:55.166441,false
1144.97,Dubai,2026-02-04T20:35:55.166443,false
857.05,Dubai,2026-02-04T20:35:55.166445,false
1219.03,Dubai,2026-02-04T20:35:55.166447,false
880.1,Dubai,2026-02-04T20:35:55.166449,false
1000,London,2026-02-04T20:35:55.166451,true
1019.33,Dubai,2026-02-04T20:35:55.166453,false
731.51,Dubai,2026-02-04T20:35:55.166455,false
969.02,Dubai,2026-02-04T20:35:55.166456,false
1000,London,2026-02-04T20:35:55.166458,true
1430.85,Dubai,2026-02-04T20:35:55.166460,false
1481.42,Dubai,2026-02-04T20:35:55.166462,false
976.9,Dubai,2026-02-04T20:35:55.166464,false
931.56,Dubai,2026-02-04T20:35:55.166466,false
779.18,Dubai,2026-02-04T20:35:55.166468,false
1418.31,Dubai,2026-02-04T20:35:55.166469,false
1069.57,Dubai,2026-02-04T20:35:55.166471,false
1132.7,Dubai,2026-02-04T20:35:55.166473,false
1157.24,Dubai,2026-02-04T20:35:55.166475,false
760.78,Dubai,2026-02-04T20:35:55.166477,false
1192.74,Dubai,2026-02-04T20:35:55.166479,false
931.61,Dubai,2026-02-04T20:35:55.166481,false
915.2,Dubai,2026-02-04T20:35:55.166483,false
1026.07,Dubai,2026-02-04T20:35:55.166484,false
1198.37,Dubai,2026-02-04T20:35:55.166486,false
1056.0,Dubai,2026-02-04T20:35:55.166488,false
1134.72,Dubai,2026-02-04T20:35:55.166490,false
1425.64,Dubai,2026-02-04T20:35:55.166492,false
1283.37,Dubai,2026-02-04T20:35:55.166494,false
940.96,Dubai,2026-02-04T20:35:55.166496,false
820.86,Dubai,2026-02-04T20:35:55.166498,false
975.6,Dubai,2026-02-04T20:35:55.166500,false
962.28,Dubai,2026-02-04T20:35:55.166501,false
1196.28,Dubai,2026-02-04T20:35:55.166503,false
1147.55,Dubai,2026-02-04T20:35:55.166505,false
1273.54,Dubai,2026-02-04T20:35:55.166507,false
1104.57,Dubai,2026-02-04T20:35:55.166509,false
1236.63,Dubai,2026-02-04T20:35:55.166511,false
852.99,Dubai,2026-02-04T20:35:55.166513,false
1000,London,2026-02-04T20:35:55.166514,true
902.51,Dubai,2026-02-04T20:35:55.166516,false
1052.45,Dubai,2026-02-04T20:35:55.166518,false
1169.01,Dubai,2026-02-04T20:35:55.166520,false
1130.76,Dubai,2026-02-04T20:35:55.166522,false
1146.29,Dubai,2026-02-04T20:35:55.166524,false
997.15,Dubai,2026-02-04T20:35:55.166526,false
1000,London,2026-02-04T20:35:55.166527,true
1036.01,Dubai,2026-02-04T20:35:55.166529,false
1108.84,Dubai,2026-02-04T20:35:55.166531,false
2981.65,Dubai,2026-02-04T20:35:55.166533,true
1132.93,Dubai,2026-02-04T20:35:55.166535,false
758.75,Dubai,2026-02-04T20:35:55.166537,false
1072.95,Dubai,2026-02-04T20:35:55.166539,false
1356.45,Dubai,2026-02-04T20:35:55.166540,false
1303.2,Dubai,2026-02-04T20:35:55.166542,false
1038.64,Dubai,2026-02-04T20:35:55.166544,false
935.87,Dubai,2026-02-04T20:35:55.166546,false
575.56,Dubai,2026-02-04T20:35:55.166548,false
1011.21,Dubai,2026-02-04T20:35:55.166550,false
1203.54,Dubai,2026-02-04T20:35:55.166552,false
1031.58,Dubai,2026-02-04T20:35:55.166554,false
833.96,Dubai,2026-02-04T20:35:55.166555,false
890.01,Dubai,2026-02-04T20:35:55.166557,false
1050.91,Dubai,2026-02-04T20:35:55.166559,false
1270.5,Dubai,2026-02-04T20:35:55.166561,false
1000,London,2026-02-04T20:35:55.166563,true
1009.69,Dubai,2026-02-04T20:35:55.166565,false
827.56,Dubai,2026-02-04T20:35:55.166567,false
1266.36,Dubai,2026-02-04T20:35:55.166569,false
2069.81,Dubai,2026-02-04T20:35:55.166571,true
869.27,Dubai,2026-02-04T20:35:55.166573,false
949.52,Dubai,2026-02-04T20:35:55.166575,false
1172.57,Dubai,2026-02-04T20:35:55.166576,false
675.77,Dubai,2026-02-04T20:35:55.166578,false
827.59,Dubai,2026-02-04T20:35:55.166580,false
1157.56,Dubai,2026-02-04T20:35:55.166582,false
881.95,Dubai,2026-02-04T20:35:55.166584,false
942.56,Dubai,2026-02-04T20:35:55.166586,false
761.83,Dubai,2026-02-04T20:35:55.166588,false
1217.2,Dubai,2026-02-04T20:35:55.166590,false
827.9,Dubai,2026-02-04T20:35:55.166591,false
437.66,Dubai,2026-02-04T20:35:55.166593,false
736.63,Dubai,2026-02-04T20:35:55.166595,false
1000,London,2026-02-04T20:35:55.166597,true
1138.85,Dubai,2026-02-04T20:35:55.166599,false
966.58,Dubai,2026-02-04T20:35:55.166601,false
775.48,Dubai,2026-02-04T20:35:55.166603,false
828.35,Dubai,2026-02-04T20:35:55.166604,false
931.46,Dubai,2026-02-04T20:35:55.166606,false
1295.21,Dubai,2026-02-04T20:35:55.166608,false
1062.84,Dubai,2026-02-04T20:35:55.166610,false
566.61,Dubai,2026-02-04T20:35:55.166612,false
966.92,Dubai,2026-02-04T20:35:55.166619,false
733.12,Dubai,2026-02-04T20:35:55.166622,false
1009.05,Dubai,2026-02-04T20:35:55.166624,false
1287.02,Dubai,2026-02-04T20:35:55.166626,false
1311.33,Dubai,2026-02-04T20:35:55.166627,false
634.33,Dubai,2026-02-04T20:35:55.166629,false
990.12,Dubai,2026-02-04T20:35:55.166631,false
1095.84,Dubai,2026-02-04T20:35:55.166633,false
1091.68,Dubai,2026-02-04T20:35:55.166635,false
903.79,Dubai,2026-02-04T20:35:55.166637,false
838.4,Dubai,2026-02-04T20:35:55.166639,false
1137.85,Dubai,2026-02-04T20:35:55.166641,false
998.05,Dubai,2026-02-04T20:35:55.166642,false
1330.99,Dubai,2026-02-04T20:35:55.166644,false
2364.79,Dubai,2026-02-04T20:35:55.166646,true
893.46,Dubai,2026-02-04T20:35:55.166648,false
971.74,Dubai,2026-02-04T20:35:55.166650,false
686.89,Dubai,2026-02-04T20:35:55.166652,false
859.26,Dubai,2026-02-04T20:35:55.166654,false
1065.75,Dubai,2026-02-04T20:35:55.166656,false
1158.24,Dubai,2026-02-04T20:35:55.166658,false
966.94,Dubai,2026-02-04T20:35:55.166660,false
750.97,Dubai,2026-02-04T20:35:55.166661,false
939.76,Dubai,2026-02-04T20:35:55.166663,false
852.5,Dubai,2026-02-04T20:35:55.166665,false
845.41,Dubai,2026-02-04T20:35:55.166667,false
877.19,Dubai,2026-02-04T20:35:55.166669,false
411.67,Dubai,2026-02-04T20:35:55.166671,false
879.05,Dubai,2026-02-04T20:35:55.166673,false
679.73,Dubai,2026-02-04T20:35:55.166674,false
1118.9,Dubai,2026-02-04T20:35:55.166676,false
817.21,Dubai,2026-02-04T20:35:55.166678,false
1098.49,Dubai,2026-02-04T20:35:55.166680,false
932.2,Dubai,2026-02-04T20:35:55.166682,false
849.17,Dubai,2026-02-04T20:35:55.166684,false
1225.58,Dubai,2026-02-04T20:35:55.166685,false
1153.69,Dubai,2026-02-04T20:35:55.166687,false
1046.43,Dubai,2026-02-04T20:35:55.166689,false
1000,London,2026-02-04T20:35:55.166691,true
1073.7,Dubai,2026-02-04T20:35:55.166693,false
811.81,Dubai,2026-02-04T20:35:55.166695,false
882.53,Dubai,2026-02-04T20:35:55.166697,false
1150.11,Dubai,2026-02-04T20:35:55.166699,false
1182.52,Dubai,2026-02-04T20:35:55.166701,false
1470.33,Dubai,2026-02-04T20:35:55.166702,false
835.37,Dubai,2026-02-04T20:35:55.166704,false
908.53,Dubai,2026-02-04T20:35:55.166706,false
1229.75,Dubai,2026-02-04T20:35:55.166708,false
960.95,Dubai,2026-02-04T20:35:55.166710,false
606.95,Dubai,2026-02-04T20:35:55.166712,false
1270.32,Dubai,2026-02-04T20:35:55.166714,false
718.5,Dubai,2026-02-04T20:35:55.166715,false
942.76,Dubai,2026-02-04T20:35:55.166717,false
682.78,Dubai,2026-02-04T20:35:55.166719,false
808.66,Dubai,2026-02-04T20:35:55.166721,false
975.2,Dubai,2026-02-04T20:35:55.166723,false
1040.61,Dubai,2026-02-04T20:35:55.166725,false
925.28,Dubai,2026-02-04T20:35:55.166727,false
1003.27,Dubai,2026-02-04T20:35:55.166728,false
900.11,Dubai,2026-02-04T20:35:55.166730,false
1052.55,Dubai,2026-02-04T20:35:55.166732,false
946.17,Dubai,2026-02-04T20:35:55.166734,false
896.62,Dubai,2026-02-04T20:35:55.166736,false
1174.7,Dubai,2026-02-04T20:35:55.166738,false
966.44,Dubai,2026-02-04T20:35:55.166740,false
1058.34,Dubai,2026-02-04T20:35:55.166742,false
779.59,Dubai,2026-02-04T20:35:55.166744,false
839.21,Dubai,2026-02-04T20:35:55.166745,false
759.97,Dubai,2026-02-04T20:35:55.166747,false
762.13,Dubai,2026-02-04T20:35:55.166749,false
1456.05,Dubai,2026-02-04T20:35:55.166751,false
935.72,Dubai,2026-02-04T20:35:55.166753,false
1118.36,Dubai,2026-02-04T20:35:55.166755,false
1000,London,2026-02-04T20:35:55.166757,true
1550.82,Dubai,2026-02-04T20:35:55.166758,false
683.13,Dubai,2026-02-04T20:35:55.166760,false
936.8,Dubai,2026-02-04T20:35:55.166762,false
844.13,Dubai,2026-02-04T20:35:55.166764,false
964.82,Dubai,2026-02-04T20:35:55.166766,false
1076.19,Dubai,2026-02-04T20:35:55.166768,false
955.69,Dubai,2026-02-04T20:35:55.166770,false
969.13,Dubai,2026-02-04T20:35:55.166771,false
795.21,Dubai,2026-02-04T20:35:55.166773,false
770.2,Dubai,2026-02-04T20:35:55.166775,false
731.81,Dubai,2026-02-04T20:35:55.166777,false
1042.08,Dubai,2026-02-04T20:35:55.166779,false
1040.56,Dubai,2026-02-04T20:35:55.166781,false
1074.36,Dubai,2026-02-04T20:35:55.166783,false
994.44,Dubai,2026-02-04T20:35:55.166785,false
2638.5,Dubai,2026-02-04T20:35:55.166787,true
1071.09,Dubai,2026-02-04T20:35:55.166789,false
934.03,Dubai,2026-02-04T20:35:55.166791,false
690.51,Dubai,2026-02-04T20:35:55.166792,false
935.16,Dubai,2026-02-04T20:35:55.166794,false
1214.91,Dubai,2026-02-04T20:35:55.166796,false
1363.69,Dubai,2026-02-04T20:35:55.166798,false
1158.66,Dubai,2026-02-04T20:35:55.166800,false
1067.96,Dubai,2026-02-04T20:35:55.166802,false
1123.37,Dubai,2026-02-04T20:35:55.166804,false
700.47,Dubai,2026-02-04T20:35:55.166806,false
979.9,Dubai,2026-02-04T20:35:55.166808,false
1258.51,Dubai,2026-02-04T20:35:55.166809,false
902.65,Dubai,2026-02-04T20:35:55.166811,false
916.88,Dubai,2026-02-04T20:35:55.166813,false
1098.08,Dubai,2026-02-04T20:35:55.166815,false
693.35,Dubai,2026-02-04T20:35:55.166817,false
1427.38,Dubai,2026-02-04T20:35:55.166819,false
1178.73,Dubai,2026-02-04T20:35:55.166821,false
886.09,Dubai,2026-02-04T20:35:55.166822,false
1305.9,Dubai,2026-02-04T20:35:55.166824,false
1275.52,Dubai,2026-02-04T20:35:55.166826,false
1027.47,Dubai,2026-02-04T20:35:55.166828,false
993.86,Dubai,2026-02-04T20:35:55.166830,false
978.16,Dubai,2026-02-04T20:35:55.166832,false
958.46,Dubai,2026-02-04T20:35:55.166834,false
1232.51,Dubai,2026-02-04T20:35:55.166836,false
1431.53,Dubai,2026-02-04T20:35:55.166838,false
940.77,Dubai,2026-02-04T20:35:55.166840,false
1071.53,Dubai,2026-02-04T20:35:55.166841,false
988.0,Dubai,2026-02-04T20:35:55.166843,false
955.13,Dubai,2026-02-04T20:35:55.166845,false
1183.55,Dubai,2026-02-04T20:35:55.166847,false
915.51,Dubai,2026-02-04T20:35:55.166849,false
1124.81,Dubai,2026-02-04T20:35:55.166851,false
989.9,Dubai,2026-02-04T20:35:55.166852,false
1000,London,2026-02-04T20:35:55.166854,true
900.58,Dubai,2026-02-04T20:35:55.166856,false
1069.98,Dubai,2026-02-04T20:35:55.166858,false
1059.99,Dubai,2026-02-04T20:35:55.166860,false
1000,London,2026-02-04T20:35:55.166862,true
1073.83,Dubai,2026-02-04T20:35:55.166864,false
1183.75,Dubai,2026-02-04T20:35:55.166866,false
834.27,Dubai,2026-02-04T20:35:55.166867,false
1254.31,Dubai,2026-02-04T20:35:55.166869,false
1517.89,Dubai,2026-02-04T20:35:55.166871,false
927.16,Dubai,2026-02-04T20:35:55.166873,false
790.9,Dubai,2026-02-04T20:35:55.166875,false
1356.27,Dubai,2026-02-04T20:35:55.166877,false
960.99,Dubai,2026-02-04T20:35:55.166879,false
1341.59,Dubai,2026-02-04T20:35:55.166880,false
1191.19,Dubai,2026-02-04T20:35:55.166882,false
567.85,Dubai,2026-02-04T20:35:55.166884,false
1473.85,Dubai,2026-02-04T20:35:55.166886,false
1306.64,Dubai,2026-02-04T20:35:55.166888,false
1138.78,Dubai,2026-02-04T20:35:55.166890,false
1237.46,Dubai,2026-02-04T20:35:55.166892,false
698.59,Dubai,2026-02-04T20:35:55.166893,false
1051.79,Dubai,2026-02-04T20:35:55.166895,false
790.72,Dubai,2026-02-04T20:35:55.166897,false
969.83,Dubai,2026-02-04T20:35:55.166899,false
1093.06,Dubai,2026-02-04T20:35:55.166901,false
845.02,Dubai,2026-02-04T20:35:55.166903,false
956.75,Dubai,2026-02-04T20:35:55.166905,false
982.91,Dubai,2026-02-04T20:35:55.166907,false
942.83,Dubai,2026-02-04T20:35:55.166909,false
1182.51,Dubai,2026-02-04T20:35:55.166910,false
796.06,Dubai,2026-02-04T20:35:55.166912,false
785.04,Dubai,2026-02-04T20:35:55.166914,false
1149.01,Dubai,2026-02-04T20:35:55.166916,false
763.47,Dubai,2026-02-04T20:35:55.166918,false
1285.86,Dubai,2026-02-04T20:35:55.166920,false
734.22,Dubai,2026-02-04T20:35:55.166922,false
757.68,Dubai,2026-02-04T20:35:55.166923,false
1070.18,Dubai,2026-02-04T20:35:55.166925,false
802.39,Dubai,2026-02-04T20:35:55.166927,false
830.22,Dubai,2026-02-04T20:35:55.166929,false
1282.83,Dubai,2026-02-04T20:35:55.166931,false
703.73,Dubai,2026-02-04T20:35:55.166933,false
1150.09,Dubai,2026-02-04T20:35:55.166935,false
1142.45,Dubai,2026-02-04T20:35:55.166937,false
1136.23,Dubai,2026-02-04T20:35:55.166938,false
905.52,Dubai,2026-02-04T20:35:55.166940,false
1446.86,Dubai,2026-02-04T20:35:55.166942,false
1004.76,Dubai,2026-02-04T20:35:55.166944,false
733.06,Dubai,2026-02-04T20:35:55.166948,false
964.19,Dubai,2026-02-04T20:35:55.166950,false
1044.43,Dubai,2026-02-04T20:35:55.166952,false
1406.11,Dubai,2026-02-04T20:35:55.166954,false
1034.57,Dubai,2026-02-04T20:35:55.166956,false
1245.7,Dubai,2026-02-04T20:35:55.166958,false
947.78,Dubai,2026-02-04T20:35:55.166960,false
1000,London,2026-02-04T20:35:55.166962,true
1018.41,Dubai,2026-02-04T20:35:55.166963,false
1107.27,Dubai,2026-02-04T20:35:55.166965,false
908.46,Dubai,2026-02-04T20:35:55.166967,false
820.63,Dubai,2026-02-04T20:35:55.166969,false
1065.12,Dubai,2026-02-04T20:35:55.166971,false
1328.74,Dubai,2026-02-04T20:35:55.166973,false
1339.27,Dubai,2026-02-04T20:35:55.166975,false
632.42,Dubai,2026-02-04T20:35:55.166977,false
889.34,Dubai,2026-02-04T20:35:55.166979,false
836.36,Dubai,2026-02-04T20:35:55.166980,false
918.98,Dubai,2026-02-04T20:35:55.166982,false
594.36,Dubai,2026-02-04T20:35:55.166984,false
1093.28,Dubai,2026-02-04T20:35:55.166986,false
862.85,Dubai,2026-02-04T20:35:55.166988,false
861.44,Dubai,2026-02-04T20:35:55.166990,false
1043.22,Dubai,2026-02-04T20:35:55.166992,false
1048.54,Dubai,2026-02-04T20:35:55.166994,false
1000,London,2026-02-04T20:35:55.166996,true
1195.6,Dubai,2026-02-04T20:35:55.166997,false
993.51,Dubai,2026-02-04T20:35:55.166999,false
875.6,Dubai,2026-02-04T20:35:55.167001,false
976.05,Dubai,2026-02-04T20:35:55.167003,false
926.82,Dubai,2026-02-04T20:35:55.167005,false
747.56,Dubai,2026-02-04T20:35:55.167007,false
2674.88,Dubai,2026-02-04T20:35:55.167009,true
1167.26,Dubai,2026-02-04T20:35:55.167011,false
2220.66,Dubai,2026-02-04T20:35:55.167013,true
1233.4,Dubai,2026-02-04T20:35:55.167015,false
1128.67,Dubai,2026-02-04T20:35:55.167017,false
932.81,Dubai,2026-02-04T20:35:55.167019,false
1194.57,Dubai,2026-02-04T20:35:55.167021,false
1087.58,Dubai,2026-02-04T20:35:55.167023,false
1056.72,Dubai,2026-02-04T20:35:55.167024,false
929.15,Dubai,2026-02-04T20:35:55.167026,false
1033.98,Dubai,2026-02-04T20:35:55.167028,false
1221.34,Dubai,2026-02-04T20:35:55.167030,false
1034.83,Dubai,2026-02-04T20:35:55.167032,false
982.44,Dubai,2026-02-04T20:35:55.167034,false
873.56,Dubai,2026-02-04T20:35:55.167036,false
1218.43,Dubai,2026-02-04T20:35:55.167038,false
1042.28,Dubai,2026-02-04T20:35:55.167039,false
1074.95,Dubai,2026-02-04T20:35:55.167041,false
1492.09,Dubai,2026-02-04T20:35:55.167043,false
663.15,Dubai,2026-02-04T20:35:55.167045,false
947.88,Dubai,2026-02-04T20:35:55.167047,false
1159.48,Dubai,2026-02-04T20:35:55.167049,false
1224.59,Dubai,2026-02-04T20:35:55.167051,false
951.35,Dubai,2026-02-04T20:35:55.167053,false
837.46,Dubai,2026-02-04T20:35:55.167054,false
830.14,Dubai,2026-02-04T20:35:55.167056,false
2565.59,Dubai,2026-02-04T20:35:55.167058,true
1261.88,Dubai,2026-02-04T20:35:55.167060,false
1004.65,Dubai,2026-02-04T20:35:55.167062,false
1295.95,Dubai,2026-02-04T20:35:55.167064,false
878.56,Dubai,2026-02-04T20:35:55.167066,false
1147.29,Dubai,2026-02-04T20:35:55.167068,false
1183.01,Dubai,2026-02-04T20:35:55.167070,false
1008.67,Dubai,2026-02-04T20:35:55.167072,false
629.53,Dubai,2026-02-04T20:35:55.167074,false
1344.5,Dubai,2026-02-04T20:35:55.167075,false
1128.94,Dubai,2026-02-04T20:35:55.167077,false
977.74,Dubai,2026-02-04T20:35:55.167079,false
981.21,Dubai,2026-02-04T20:35:55.167081,false
1529.67,Dubai,2026-02-04T20:35:55.167083,false
849.23,Dubai,2026-02-04T20:35:55.167085,false
877.01,Dubai,2026-02-04T20:35:55.167087,false
843.07,Dubai,2026-02-04T20:35:55.167088,false
948.46,Dubai,2026-02-04T20:35:55.167090,false
581.94,Dubai,2026-02-04T20:35:55.167092,false
467.91,Dubai,2026-02-04T20:35:55.167094,false
1022.53,Dubai,2026-02-04T20:35:55.167096,false
1041.93,Dubai,2026-02-04T20:35:55.167098,false
851.45,Dubai,2026-02-04T20:35:55.167100,false
910.37,Dubai,2026-02-04T20:35:55.167101,false
1360.88,Dubai,2026-02-04T20:35:55.167103,false
2306.91,Dubai,2026-02-04T20:35:55.167105,true
813.55,Dubai,2026-02-04T20:35:55.167107,false
758.17,Dubai,2026-02-04T20:35:55.167109,false
858.25,Dubai,2026-02-04T20:35:55.167111,false
986.66,Dubai,2026-02-04T20:35:55.167113,false
1274.72,Dubai,2026-02-04T20:35:55.167115,false
976.07,Dubai,2026-02-04T20:35:55.167117,false
1279.15,Dubai,2026-02-04T20:35:55.167118,false
841.51,Dubai,2026-02-04T20:35:55.167120,false
1000,London,2026-02-04T20:35:55.167122,true
1144.14,Dubai,2026-02-04T20:35:55.167124,false
1214.76,Dubai,2026-02-04T20:35:55.167126,false
918.72,Dubai,2026-02-04T20:35:55.167128,false
749.91,Dubai,2026-02-04T20:35:55.167130,false
789.91,Dubai,2026-02-04T20:35:55.167131,false
790.6,Dubai,2026-02-04T20:35:55.167133,false
1093.18,Dubai,2026-02-04T20:35:55.167135,false
710.52,Dubai,2026-02-04T20:35:55.167137,false
1162.47,Dubai,2026-02-04T20:35:55.167139,false
931.21,Dubai,2026-02-04T20:35:55.167141,false
1154.61,Dubai,2026-02-04T20:35:55.167142,false
1023.09,Dubai,2026-02-04T20:35:55.167144,false
670.51,Dubai,2026-02-04T20:35:55.167146,false
851.49,Dubai,2026-02-04T20:35:55.167148,false
1097.15,Dubai,2026-02-04T20:35:55.167150,false
1190.81,Dubai,2026-02-04T20:35:55.167152,false
1067.06,Dubai,2026-02-04T20:35:55.167154,false
1351.57,Dubai,2026-02-04T20:35:55.167156,false
914.54,Dubai,2026-02-04T20:35:55.167157,false
1028.88,Dubai,2026-02-04T20:35:55.167159,false
878.48,Dubai,2026-02-04T20:35:55.167161,false
1014.03,Dubai,2026-02-04T20:35:55.167163,false
1051.8,Dubai,2026-02-04T20:35:55.167165,false
661.08,Dubai,2026-02-04T20:35:55.167167,false
867.95,Dubai,2026-02-04T20:35:55.167169,false
856.32,Dubai,2026-02-04T20:35:55.167171,false
895.66,Dubai,2026-02-04T20:35:55.167172,false
1149.28,Dubai,2026-02-04T20:35:55.167174,false
855.8,Dubai,2026-02-04T20:35:55.167176,false
891.88,Dubai,2026-02-04T20:35:55.167178,false
839.37,Dubai,2026-02-04T20:35:55.167180,false
919.73,Dubai,2026-02-04T20:35:55.167182,false
829.04,Dubai,2026-02-04T20:35:55.167184,false
1140.62,Dubai,2026-02-04T20:35:55.167186,false
815.34,Dubai,2026-02-04T20:35:55.167187,false
774.66,Dubai,2026-02-04T20:35:55.167189,false
691.07,Dubai,2026-02-04T20:35:55.167191,false
969.67,Dubai,2026-02-04T20:35:55.167193,false
1153.61,Dubai,2026-02-04T20:35:55.167195,false
1044.05,Dubai,2026-02-04T20:35:55.167197,false
1030.15,Dubai,2026-02-04T20:35:55.167199,false
856.17,Dubai,2026-02-04T20:35:55.167201,false
976.08,Dubai,2026-02-04T20:35:55.167203,false
754.43,Dubai,2026-02-04T20:35:55.167204,false
1000,London,2026-02-04T20:35:55.167206,true
838.53,Dubai,2026-02-04T20:35:55.167208,false
895.08,Dubai,2026-02-04T20:35:55.167210,false
1201.37,Dubai,2026-02-04T20:35:55.167212,false
948.34,Dubai,2026-02-04T20:35:55.167214,false
969.93,Dubai,2026-02-04T20:35:55.167215,false
655.79,Dubai,2026-02-04T20:35:55.167217,false
747.41,Dubai,2026-02-04T20:35:55.167219,false
805.92,Dubai,2026-02-04T20:35:55.167221,false
1000,London,2026-02-04T20:35:55.167223,true
1192.5,Dubai,2026-02-04T20:35:55.167225,false
875.69,Dubai,2026-02-04T20:35:55.167227,false
839.94,Dubai,2026-02-04T20:35:55.167228,false
934.41,Dubai,2026-02-04T20:35:55.167230,false
1133.41,Dubai,2026-02-04T20:35:55.167232,false
459.03,Dubai,2026-02-04T20:35:55.167234,false
1162.57,Dubai,2026-02-04T20:35:55.167236,false
2252.97,Dubai,2026-02-04T20:35:55.167238,true
812.2,Dubai,2026-02-04T20:35:55.167240,false
1203.43,Dubai,2026-02-04T20:35:55.167242,false
692.22,Dubai,2026-02-04T20:35:55.167244,false
921.2,Dubai,2026-02-04T20:35:55.167245,false
1118.99,Dubai,2026-02-04T20:35:55.167247,false
1086.22,Dubai,2026-02-04T20:35:55.167249,false
1053.47,Dubai,2026-02-04T20:35:55.167251,false
839.12,Dubai,2026-02-04T20:35:55.167253,false
1003.29,Dubai,2026-02-04T20:35:55.167255,false
825.28,Dubai,2026-02-04T20:35:55.167257,false
609.53,Dubai,2026-02-04T20:35:55.167259,false
1007.4,Dubai,2026-02-04T20:35:55.167260,false
1072.13,Dubai,2026-02-04T20:35:55.167262,false
1063.51,Dubai,2026-02-04T20:35:55.167264,false
1012.49,Dubai,2026-02-04T20:35:55.167266,false
1132.82,Dubai,2026-02-04T20:35:55.167268,false
916.29,Dubai,2026-02-04T20:35:55.167270,false
2586.79,Dubai,2026-02-04T20:35:55.167272,true
878.83,Dubai,2026-02-04T20:35:55.167274,false
1115.8,Dubai,2026-02-04T20:35:55.167281,false
1363.81,Dubai,2026-02-04T20:35:55.167283,false
1022.2,Dubai,2026-02-04T20:35:55.167285,false
872.74,Dubai,2026-02-04T20:35:55.167287,false
1000,London,2026-02-04T20:35:55.167289,true
1175.64,Dubai,2026-02-04T20:35:55.167291,false
507.89,Dubai,2026-02-04T20:35:55.167292,false
1071.33,Dubai,2026-02-04T20:35:55.167294,false
1161.64,Dubai,2026-02-04T20:35:55.167296,false
1046.99,Dubai,2026-02-04T20:35:55.167298,false
1160.84,Dubai,2026-02-04T20:35:55.167300,false
688.53,Dubai,2026-02-04T20:35:55.167302,false
800.6,Dubai,2026-02-04T20:35:55.167304,false
1098.13,Dubai,2026-02-04T20:35:55.167306,false
633.45,Dubai,2026-02-04T20:35:55.167308,false
1480.95,Dubai,2026-02-04T20:35:55.167310,false
1193.33,Dubai,2026-02-04T20:35:55.167311,false
1146.56,Dubai,2026-02-04T20:35:55.167313,false
903.09,Dubai,2026-02-04T20:35:55.167315,false
904.95,Dubai,2026-02-04T20:35:55.167317,false
1198.7,Dubai,2026-02-04T20:35:55.167319,false
1000,London,2026-02-04T20:35:55.167321,true
942.65,Dubai,2026-02-04T20:35:55.167323,false
947.49,Dubai,2026-02-04T20:35:55.167324,false
1130.61,Dubai,2026-02-04T20:35:55.167326,false
1189.63,Dubai,2026-02-04T20:35:55.167328,false
1330.39,Dubai,2026-02-04T20:35:55.167330,false
990.3,Dubai,2026-02-04T20:35:55.167332,false
1262.62,Dubai,2026-02-04T20:35:55.167334,false
1029.54,Dubai,2026-02-04T20:35:55.167336,false
875.45,Dubai,2026-02-04T20:35:55.167338,false
1334.64,Dubai,2026-02-04T20:35:55.167340,false
1010.88,Dubai,2026-02-04T20:35:55.167342,false
803.9,Dubai,2026-02-04T20:35:55.167343,false
740.44,Dubai,2026-02-04T20:35:55.167345,false
614.98,Dubai,2026-02-04T20:35:55.167347,false
739.94,Dubai,2026-02-04T20:35:55.167349,false
945.6,Dubai,2026-02-04T20:35:55.167351,false
1110.38,Dubai,2026-02-04T20:35:55.167353,false
834.3,Dubai,2026-02-04T20:35:55.167355,false
1062.33,Dubai,2026-02-04T20:35:55.167357,false
1034.14,Dubai,2026-02-04T20:35:55.167359,false
1295.44,Dubai,2026-02-04T20:35:55.167361,false
1032.93,Dubai,2026-02-04T20:35:55.167362,false
1018.03,Dubai,2026-02-04T20:35:55.167364,false
654.36,Dubai,2026-02-04T20:35:55.167366,false
673.27,Dubai,2026-02-04T20:35:55.167368,false
919.1,Dubai,2026-02-04T20:35:55.167370,false
946.15,Dubai,2026-02-04T20:35:55.167372,false
1081.85,Dubai,2026-02-04T20:35:55.167373,false
1057.37,Dubai,2026-02-04T20:35:55.167375,false
1158.98,Dubai,2026-02-04T20:35:55.167377,false
1084.38,Dubai,2026-02-04T20:35:55.167379,false
1085.77,Dubai,2026-02-04T20:35:55.167381,false
1095.84,Dubai,2026-02-04T20:35:55.167383,false
1120.25,Dubai,2026-02-04T20:35:55.167385,false
1000.97,Dubai,2026-02-04T20:35:55.167387,false
941.75,Dubai,2026-02-04T20:35:55.167388,false
989.71,Dubai,2026-02-04T20:35:55.167390,false
1437.91,Dubai,2026-02-04T20:35:55.167392,false
777.21,Dubai,2026-02-04T20:35:55.167394,false
982.33,Dubai,2026-02-04T20:35:55.167396,false
723.67,Dubai,2026-02-04T20:35:55.167398,false
859.12,Dubai,2026-02-04T20:35:55.167400,false
1001.15,Dubai,2026-02-04T20:35:55.167402,false
944.79,Dubai,2026-02-04T20:35:55.167403,false
840.66,Dubai,2026-02-04T20:35:55.167405,false
1184.97,Dubai,2026-02-04T20:35:55.167407,false
1042.39,Dubai,2026-02-04T20:35:55.167409,false
674.79,Dubai,2026-02-04T20:35:55.167411,false
331.78,Dubai,2026-02-04T20:35:55.167413,false
1061.48,Dubai,2026-02-04T20:35:55.167415,false
902.07,Dubai,2026-02-04T20:35:55.167417,false
2694.02,Dubai,2026-02-04T20:35:55.167418,true
1032.7,Dubai,2026-02-04T20:35:55.167420,false
1169.48,Dubai,2026-02-04T20:35:55.167422,false
1158.13,Dubai,2026-02-04T20:35:55.167424,false
705.24,Dubai,2026-02-04T20:35:55.167426,false
579.73,Dubai,2026-02-04T20:35:55.167428,false
987.32,Dubai,2026-02-04T20:35:55.167430,false
920.06,Dubai,2026-02-04T20:35:55.167432,false
1183.47,Dubai,2026-02-04T20:35:55.167434,false
1141.38,Dubai,2026-02-04T20:35:55.167436,false
903.76,Dubai,2026-02-04T20:35:55.167438,false
1250.28,Dubai,2026-02-04T20:35:55.167439,false
954.5,Dubai,2026-02-04T20:35:55.167441,false
1036.4,Dubai,2026-02-04T20:35:55.167443,false
1089.51,Dubai,2026-02-04T20:35:55.167445,false
1114.81,Dubai,2026-02-04T20:35:55.167447,false
893.0,Dubai,2026-02-04T20:35:55.167449,false
470.92,Dubai,2026-02-04T20:35:55.167451,false
1099.45,Dubai,2026-02-04T20:35:55.167452,false
835.53,Dubai,2026-02-04T20:35:55.167454,false
1332.78,Dubai,2026-02-04T20:35:55.167456,false
884.92,Dubai,2026-02-04T20:35:55.167458,false
918.33,Dubai,2026-02-04T20:35:55.167460,false
1298.22,Dubai,2026-02-04T20:35:55.167462,false
892.32,Dubai,2026-02-04T20:35:55.167464,false
1097.51,Dubai,2026-02-04T20:35:55.167466,false
1237.49,Dubai,2026-02-04T20:35:55.167468,false
898.65,Dubai,2026-02-04T20:35:55.167469,false
1017.54,Dubai,2026-02-04T20:35:55.167471,false
2327.68,Dubai,2026-02-04T20:35:55.167473,true
690.25,Dubai,2026-02-04T20:35:55.167475,false
569.21,Dubai,2026-02-04T20:35:55.167477,false
992.94,Dubai,2026-02-04T20:35:55.167479,false
720.25,Dubai,2026-02-04T20:35:55.167481,false
993.51,Dubai,2026-02-04T20:35:55.167483,false
1116.33,Dubai,2026-02-04T20:35:55.167485,false
1238.1,Dubai,2026-02-04T20:35:55.167487,false
970.6,Dubai,2026-02-04T20:35:55.167489,false
734.69,Dubai,2026-02-04T20:35:55.167490,false
761.95,Dubai,2026-02-04T20:35:55.167492,false
1207.91,Dubai,2026-02-04T20:35:55.167494,false
756.64,Dubai,2026-02-04T20:35:55.167496,false
1157.29,Dubai,2026-02-04T20:35:55.167498,false
772.53,Dubai,2026-02-04T20:35:55.167500,false
857.15,Dubai,2026-02-04T20:35:55.167502,false
958.72,Dubai,2026-02-04T20:35:55.167503,false
1150.32,Dubai,2026-02-04T20:35:55.167505,false
1082.93,Dubai,2026-02-04T20:35:55.167507,false
950.84,Dubai,2026-02-04T20:35:55.167509,false
2142.61,Dubai,2026-02-04T20:35:55.167511,true
1135.98,Dubai,2026-02-04T20:35:55.167513,false
1061.45,Dubai,2026-02-04T20:35:55.167515,false
2317.81,Dubai,2026-02-04T20:35:55.167517,true
879.21,Dubai,2026-02-04T20:35:55.167519,false
695.58,Dubai,2026-02-04T20:35:55.167521,false
994.55,Dubai,2026-02-04T20:35:55.167523,false
1181.07,Dubai,2026-02-04T20:35:55.167525,false
2797.68,Dubai,2026-02-04T20:35:55.167527,true
1062.96,Dubai,2026-02-04T20:35:55.167529,false
991.05,Dubai,2026-02-04T20:35:55.167531,false
822.83,Dubai,2026-02-04T20:35:55.167532,false
1000,London,2026-02-04T20:35:55.167534,true
1090.11,Dubai,2026-02-04T20:35:55.167536,false
1176.72,Dubai,2026-02-04T20:35:55.167538,false
1205.86,Dubai,2026-02-04T20:35:55.167540,false
940.32,Dubai,2026-02-04T20:35:55.167542,false
657.75,Dubai,2026-02-04T20:35:55.167544,false
1161.01,Dubai,2026-02-04T20:35:55.167546,false
1215.23,Dubai,2026-02-04T20:35:55.167547,false
913.74,Dubai,2026-02-04T20:35:55.167549,false
795.1,Dubai,2026-02-04T20:35:55.167551,false
1076.28,Dubai,2026-02-04T20:35:55.167553,false
954.63,Dubai,2026-02-04T20:35:55.167555,false
835.96,Dubai,2026-02-04T20:35:55.167557,false
956.33,Dubai,2026-02-04T20:35:55.167559,false
1527.73,Dubai,2026-02-04T20:35:55.167561,false
1194.32,Dubai,2026-02-04T20:35:55.167562,false
1023.5,Dubai,2026-02-04T20:35:55.167564,false
944.16,Dubai,2026-02-04T20:35:55.167566,false
1070.09,Dubai,2026-02-04T20:35:55.167568,false
1188.99,Dubai,2026-02-04T20:35:55.167570,false
1260.91,Dubai,2026-02-04T20:35:55.167572,false
860.44,Dubai,2026-02-04T20:35:55.167574,false
758.79,Dubai,2026-02-04T20:35:55.167576,false
1093.9,Dubai,2026-02-04T20:35:55.167578,false
1084.8,Dubai,2026-02-04T20:35:55.167580,false
1110.54,Dubai,2026-02-04T20:35:55.167581,false
832.08,Dubai,2026-02-04T20:35:55.167583,false
860.49,Dubai,2026-02-04T20:35:55.167585,false
935.79,Dubai,2026-02-04T20:35:55.167587,false
1038.6,Dubai,2026-02-04T20:35:55.167589,false
1088.17,Dubai,2026-02-04T20:35:55.167591,false
1197.99,Dubai,2026-02-04T20:35:55.167593,false
773.78,Dubai,2026-02-04T20:35:55.167594,false
1068.5,Dubai,2026-02-04T20:35:55.167596,false
879.95,Dubai,2026-02-04T20:35:55.167598,false
1314.7,Dubai,2026-02-04T20:35:55.167600,false
1156.41,Dubai,2026-02-04T20:35:55.167602,false
1195.81,Dubai,2026-02-04T20:35:55.167604,false
792.69,Dubai,2026-02-04T20:35:55.167606,false
604.86,Dubai,2026-02-04T20:35:55.167607,false
1032.41,Dubai,2026-02-04T20:35:55.167611,false
749.4,Dubai,2026-02-04T20:35:55.167613,false
1051.66,Dubai,2026-02-04T20:35:55.167615,false
769.83,Dubai,2026-02-04T20:35:55.167617,false
1000,London,2026-02-04T20:35:55.167619,true
1433.73,Dubai,2026-02-04T20:35:55.167621,false
955.11,Dubai,2026-02-04T20:35:55.167623,false
869.48,Dubai,2026-02-04T20:35:55.167625,false
1023.61,Dubai,2026-02-04T20:35:55.167626,false
1081.1,Dubai,2026-02-04T20:35:55.167628,false
907.27,Dubai,2026-02-04T20:35:55.167630,false
1013.48,Dubai,2026-02-04T20:35:55.167632,false
1221.09,Dubai,2026-02-04T20:35:55.167634,false
1143.86,Dubai,2026-02-04T20:35:55.167636,false
2789.58,Dubai,2026-02-04T20:35:55.167638,true
839.68,Dubai,2026-02-04T20:35:55.167640,false
851.84,Dubai,2026-02-04T20:35:55.167642,false
410.15,Dubai,2026-02-04T20:35:55.167644,false
1583.38,Dubai,2026-02-04T20:35:55.167645,false
2095.51,Dubai,2026-02-04T20:35:55.167647,true
1000,London,2026-02-04T20:35:55.167649,true
806.24,Dubai,2026-02-04T20:35:55.167651,false
776.7,Dubai,2026-02-04T20:35:55.167653,false
1307.33,Dubai,2026-02-04T20:35:55.167655,false
2327.96,Dubai,2026-02-04T20:35:55.167657,true
1179.42,Dubai,2026-02-04T20:35:55.167659,false
881.44,Dubai,2026-02-04T20:35:55.167661,false
1240.41,Dubai,2026-02-04T20:35:55.167662,false
1142.09,Dubai,2026-02-04T20:35:55.167664,false
925.89,Dubai,2026-02-04T20:35:55.167666,false
737.46,Dubai,2026-02-04T20:35:55.167668,false
653.57,Dubai,2026-02-04T20:35:55.167670,false
2950.49,Dubai,2026-02-04T20:35:55.167672,true
610.97,Dubai,2026-02-04T20:35:55.167674,false
1150.93,Dubai,2026-02-04T20:35:55.167676,false
886.82,Dubai,2026-02-04T20:35:55.167678,false
810.21,Dubai,2026-02-04T20:35:55.167680,false
707.16,Dubai,2026-02-04T20:35:55.167681,false
1226.75,Dubai,2026-02-04T20:35:55.167683,false
807.72,Dubai,2026-02-04T20:35:55.167685,false
934.27,Dubai,2026-02-04T20:35:55.167687,false
839.98,Dubai,2026-02-04T20:35:55.167689,false
1114.41,Dubai,2026-02-04T20:35:55.167691,false
1271.4,Dubai,2026-02-04T20:35:55.167693,false
931.97,Dubai,2026-02-04T20:35:55.167694,false
939.32,Dubai,2026-02-04T20:35:55.167696,false
721.2,Dubai,2026-02-04T20:35:55.167698,false
1369.76,Dubai,2026-02-04T20:35:55.167700,false
880.4,Dubai,2026-02-04T20:35:55.167702,false
976.41,Dubai,2026-02-04T20:35:55.167704,false
1110.15,Dubai,2026-02-04T20:35:55.167706,false
1126.56,Dubai,2026-02-04T20:35:55.167708,false
892.67,Dubai,2026-02-04T20:35:55.167710,false
1222.28,Dubai,2026-02-04T20:35:55.167712,false
1359.78,Dubai,2026-02-04T20:35:55.167714,false
938.76,Dubai,2026-02-04T20:35:55.167716,false
1190.84,Dubai,2026-02-04T20:35:55.167718,false
699.03,Dubai,2026-02-04T20:35:55.167720,false
1336.44,Dubai,2026-02-04T20:35:55.167722,false
768.05,Dubai,2026-02-04T20:35:55.167725,false
779.28,Dubai,2026-02-04T20:35:55.167727,false
1298.85,Dubai,2026-02-04T20:35:55.167729,false
966.66,Dubai,2026-02-04T20:35:55.167731,false
973.4,Dubai,2026-02-04T20:35:55.167733,false
1002.28,Dubai,2026-02-04T20:35:55.167735,false
709.72,Dubai,2026-02-04T20:35:55.167737,false
1067.22,Dubai,2026-02-04T20:35:55.167739,false
1084.25,Dubai,2026-02-04T20:35:55.167741,false
1157.31,Dubai,2026-02-04T20:35:55.167743,false
1152.08,Dubai,2026-02-04T20:35:55.167745,false
1000.79,Dubai,2026-02-04T20:35:55.167747,false
991.67,Dubai,2026-02-04T20:35:55.167749,false
2920.05,Dubai,2026-02-04T20:35:55.167752,true
772.67,Dubai,2026-02-04T20:35:55.167754,false
964.53,Dubai,2026-02-04T20:35:55.167756,false
938.23,Dubai,2026-02-04T20:35:55.167758,false
800.92,Dubai,2026-02-04T20:35:55.167760,false
1036.19,Dubai,2026-02-04T20:35:55.167762,false
960.05,Dubai,2026-02-04T20:35:55.167764,false
634.95,Dubai,2026-02-04T20:35:55.167766,false
804.6,Dubai,2026-02-04T20:35:55.167768,false
897.05,Dubai,2026-02-04T20:35:55.167770,false
1217.98,Dubai,2026-02-04T20:35:55.167772,false
702.54,Dubai,2026-02-04T20:35:55.167775,false
1175.04,Dubai,2026-02-04T20:35:55.167776,false
737.15,Dubai,2026-02-04T20:35:55.167779,false
995.58,Dubai,2026-02-04T20:35:55.167780,false
936.4,Dubai,2026-02-04T20:35:55.167783,false
919.07,Dubai,2026-02-04T20:35:55.167785,false
687.89,Dubai,2026-02-04T20:35:55.167787,false
1056.29,Dubai,2026-02-04T20:35:55.167789,false
1477.37,Dubai,2026-02-04T20:35:55.167791,false
933.05,Dubai,2026-02-04T20:35:55.167793,false
988.65,Dubai,2026-02-04T20:35:55.167795,false
1219.98,Dubai,2026-02-04T20:35:55.167797,false
887.63,Dubai,2026-02-04T20:35:55.167799,false
893.46,Dubai,2026-02-04T20:35:55.167801,false
899.59,Dubai,2026-02-04T20:35:55.167803,false
1143.64,Dubai,2026-02-04T20:35:55.167805,false
1039.37,Dubai,2026-02-04T20:35:55.167807,false
1019.79,Dubai,2026-02-04T20:35:55.167809,false
1358.93,Dubai,2026-02-04T20:35:55.167811,false
1186.57,Dubai,2026-02-04T20:35:55.167813,false
1152.64,Dubai,2026-02-04T20:35:55.167816,false
1000,London,2026-02-04T20:35:55.167818,true
935.31,Dubai,2026-02-04T20:35:55.167820,false
1051.87,Dubai,2026-02-04T20:35:55.167822,false
1072.82,Dubai,2026-02-04T20:35:55.167824,false
1090.13,Dubai,2026-02-04T20:35:55.167826,false
1230.65,Dubai,2026-02-04T20:35:55.167828,false
784.66,Dubai,2026-02-04T20:35:55.167830,false
1318.58,Dubai,2026-02-04T20:35:55.167832,false
781.91,Dubai,2026-02-04T20:35:55.167834,false
1099.08,Dubai,2026-02-04T20:35:55.167836,false
793.21,Dubai,2026-02-04T20:35:55.167838,false
894.5,Dubai,2026-02-04T20:35:55.167840,false
1073.88,Dubai,2026-02-04T20:35:55.167842,false
1394.55,Dubai,2026-02-04T20:35:55.167844,false
1227.88,Dubai,2026-02-04T20:35:55.167847,false
735.01,Dubai,2026-02-04T20:35:55.167849,false
881.71,Dubai,2026-02-04T20:35:55.167851,false
827.39,Dubai,2026-02-04T20:35:55.167853,false
862.08,Dubai,2026-02-04T20:35:55.167855,false
1038.83,Dubai,2026-02-04T20:35:55.167857,false
777.93,Dubai,2026-02-04T20:35:55.167859,false
1052.29,Dubai,2026-02-04T20:35:55.167861,false
921.7,Dubai,2026-02-04T20:35:55.167863,false
2520.93,Dubai,2026-02-04T20:35:55.167865,true
849.99,Dubai,2026-02-04T20:35:55.167867,false
1145.22,Dubai,2026-02-04T20:35:55.167870,false
603.87,Dubai,2026-02-04T20:35:55.167872,false
924.45,Dubai,2026-02-04T20:35:55.167874,false
844.87,Dubai,2026-02-04T20:35:55.167876,false
1249.76,Dubai,2026-02-04T20:35:55.167878,false
658.32,Dubai,2026-02-04T20:35:55.167880,false
1263.64,Dubai,2026-02-04T20:35:55.167882,false
1000,London,2026-02-04T20:35:55.167884,true
1287.55,Dubai,2026-02-04T20:35:55.167886,false
1118.09,Dubai,2026-02-04T20:35:55.167889,false
741.48,Dubai,2026-02-04T20:35:55.167891,false
1333.18,Dubai,2026-02-04T20:35:55.167894,false
821.68,Dubai,2026-02-04T20:35:55.167896,false
1000,London,2026-02-04T20:35:55.167899,true
826.39,Dubai,2026-02-04T20:35:55.167901,false
1103.18,Dubai,2026-02-04T20:35:55.167903,false
861.28,Dubai,2026-02-04T20:35:55.167905,false
941.8,Dubai,2026-02-04T20:35:55.167907,false
987.24,Dubai,2026-02-04T20:35:55.167910,false
941.66,Dubai,2026-02-04T20:35:55.167912,false
808.21,Dubai,2026-02-04T20:35:55.167914,false
1204.77,Dubai,2026-02-04T20:35:55.167916,false
1063.04,Dubai,2026-02-04T20:35:55.167918,false
2406.43,Dubai,2026-02-04T20:35:55.167920,true
900.24,Dubai,2026-02-04T20:35:55.167922,false
2402.08,Dubai,2026-02-04T20:35:55.167925,true
963.45,Dubai,2026-02-04T20:35:55.167927,false
1066.01,Dubai,2026-02-04T20:35:55.167929,false
1166.32,Dubai,2026-02-04T20:35:55.167931,false
863.81,Dubai,2026-02-04T20:35:55.167933,false
1186.9,Dubai,2026-02-04T20:35:55.167935,false
797.0,Dubai,2026-02-04T20:35:55.167937,false
1222.46,Dubai,2026-02-04T20:35:55.167944,false
1147.21,Dubai,2026-02-04T20:35:55.167947,false
1094.44,Dubai,2026-02-04T20:35:55.167950,false
958.23,Dubai,2026-02-04T20:35:55.167967,false
924.6,Dubai,2026-02-04T20:35:55.167976,false
1110.51,Dubai,2026-02-04T20:35:55.167980,false
537.66,Dubai,2026-02-04T20:35:55.167984,false
901.65,Dubai,2026-02-04T20:35:55.167987,false
980.74,Dubai,2026-02-04T20:35:55.167990,false
1012.81,Dubai,2026-02-04T20:35:55.167993,false
1009.8,Dubai,2026-02-04T20:35:55.167996,false
1153.57,Dubai,2026-02-04T20:35:55.167998,false
810.85,Dubai,2026-02-04T20:35:55.168001,false
810.92,Dubai,2026-02-04T20:35:55.168010,false
1126.55,Dubai,2026-02-04T20:35:55.168013,false
783.81,Dubai,2026-02-04T20:35:55.168015,false
738.67,Dubai,2026-02-04T20:35:55.168060,false
703.51,Dubai,2026-02-04T20:35:55.168064,false
912.72,Dubai,2026-02-04T20:35:55.168067,false
948.94,Dubai,2026-02-04T20:35:55.168069,false
618.49,Dubai,2026-02-04T20:35:55.168071,false
1527.46,Dubai,2026-02-04T20:35:55.168073,false
2210.16,Dubai,2026-02-04T20:35:55.168076,true
1218.21,Dubai,2026-02-04T20:35:55.168079,false
841.74,Dubai,2026-02-04T20:35:55.168082,false
1163.46,Dubai,2026-02-04T20:35:55.168084,false
596.12,Dubai,2026-02-04T20:35:55.168086,false
850.61,Dubai,2026-02-04T20:35:55.168088,false
582.37,Dubai,2026-02-04T20:35:55.168090,false
1000,London,2026-02-04T20:35:55.168092,true
604.01,Dubai,2026-02-04T20:35:55.168095,false
1262.75,Dubai,2026-02-04T20:35:55.168097,false
866.46,Dubai,2026-02-04T20:35:55.168099,false
935.78,Dubai,2026-02-04T20:35:55.168102,false
938.86,Dubai,2026-02-04T20:35:55.168104,false
2365.29,Dubai,2026-02-04T20:35:55.168106,true
1102.09,Dubai,2026-02-04T20:35:55.168108,false
717.81,Dubai,2026-02-04T20:35:55.168111,false
911.1,Dubai,2026-02-04T20:35:55.168113,false
1079.85,Dubai,2026-02-04T20:35:55.168115,false
1010.26,Dubai,2026-02-04T20:35:55.168117,false
641.17,Dubai,2026-02-04T20:35:55.168119,false
1033.77,Dubai,2026-02-04T20:35:55.168121,false
1190.22,Dubai,2026-02-04T20:35:55.168124,false
810.58,Dubai,2026-02-04T20:35:55.168126,false
814.39,Dubai,2026-02-04T20:35:55.168128,false
888.64,Dubai,2026-02-04T20:35:55.168130,false
1000,London,2026-02-04T20:35:55.168132,true
1111.31,Dubai,2026-02-04T20:35:55.168134,false
1146.35,Dubai,2026-02-04T20:35:55.168137,false
698.58,Dubai,2026-02-04T20:35:55.168139,false
1260.36,Dubai,2026-02-04T20:35:55.168141,false
964.79,Dubai,2026-02-04T20:35:55.168143,false
711.18,Dubai,2026-02-04T20:35:55.168145,false
886.81,Dubai,2026-02-04T20:35:55.168147,false
1069.48,Dubai,2026-02-04T20:35:55.168149,false
836.96,Dubai,2026-02-04T20:35:55.168152,false
1125.56,Dubai,2026-02-04T20:35:55.168154,false
1332.57,Dubai,2026-02-04T20:35:55.168156,false
1055.24,Dubai,2026-02-04T20:35:55.168158,false
840.1,Dubai,2026-02-04T20:35:55.168160,false
1194.63,Dubai,2026-02-04T20:35:55.168162,false
1087.98,Dubai,2026-02-04T20:35:55.168164,false
879.48,Dubai,2026-02-04T20:35:55.168166,false
845.94,Dubai,2026-02-04T20:35:55.168169,false
1149.94,Dubai,2026-02-04T20:35:55.168171,false
1087.0,Dubai,2026-02-04T20:35:55.168173,false
1067.32,Dubai,2026-02-04T20:35:55.168175,false
835.01,Dubai,2026-02-04T20:35:55.168177,false
891.1,Dubai,2026-02-04T20:35:55.168179,false
1073.84,Dubai,2026-02-04T20:35:55.168182,false
1010.89,Dubai,2026-02-04T20:35:55.168184,false
847.22,Dubai,2026-02-04T20:35:55.168186,false
755.86,Dubai,2026-02-04T20:35:55.168188,false
1526.83,Dubai,2026-02-04T20:35:55.168190,false
1000,London,2026-02-04T20:35:55.168192,true
1071.59,Dubai,2026-02-04T20:35:55.168195,false
875.84,Dubai,2026-02-04T20:35:55.168197,false
2670.28,Dubai,2026-02-04T20:35:55.168199,true
1040.92,Dubai,2026-02-04T20:35:55.168202,false
764.29,Dubai,2026-02-04T20:35:55.168204,false
1239.21,Dubai,2026-02-04T20:35:55.168206,false
880.36,Dubai,2026-02-04T20:35:55.168208,false
912.95,Dubai,2026-02-04T20:35:55.168210,false
905.32,Dubai,2026-02-04T20:35:55.168212,false
962.09,Dubai,2026-02-04T20:35:55.168214,false
1242.29,Dubai,2026-02-04T20:35:55.168217,false
932.27,Dubai,2026-02-04T20:35:55.168219,false
1329.45,Dubai,2026-02-04T20:35:55.168221,false
1110.22,Dubai,2026-02-04T20:35:55.168223,false
1178.78,Dubai,2026-02-04T20:35:55.168225,false
1439.25,Dubai,2026-02-04T20:35:55.168227,false
1138.89,Dubai,2026-02-04T20:35:55.168230,false
1171.57,Dubai,2026-02-04T20:35:55.168232,false
1059.72,Dubai,2026-02-04T20:35:55.168234,false
949.38,Dubai,2026-02-04T20:35:55.168236,false
1129.89,Dubai,2026-02-04T20:35:55.168238,false
819.25,Dubai,2026-02-04T20:35:55.168240,false
653.27,Dubai,2026-02-04T20:35:55.168243,false
940.04,Dubai,2026-02-04T20:35:55.168245,false
1205.61,Dubai,2026-02-04T20:35:55.168247,false
2180.28,Dubai,2026-02-04T20:35:55.168249,true
938.49,Dubai,2026-02-04T20:35:55.168251,false
1183.19,Dubai,2026-02-04T20:35:55.168253,false
952.56,Dubai,2026-02-04T20:35:55.168255,false
1424.58,Dubai,2026-02-04T20:35:55.168258,false
764.86,Dubai,2026-02-04T20:35:55.168260,false
977.37,Dubai,2026-02-04T20:35:55.168262,false
824.46,Dubai,2026-02-04T20:35:55.168264,false
1063.23,Dubai,2026-02-04T20:35:55.168266,false
1254.71,Dubai,2026-02-04T20:35:55.168268,false
1088.75,Dubai,2026-02-04T20:35:55.168271,false
1013.87,Dubai,2026-02-04T20:35:55.168273,false
784.59,Dubai,2026-02-04T20:35:55.168275,false
2436.28,Dubai,2026-02-04T20:35:55.168277,true
1088.51,Dubai,2026-02-04T20:35:55.168279,false
785.13,Dubai,2026-02-04T20:35:55.168281,false
1104.21,Dubai,2026-02-04T20:35:55.168283,false
1085.49,Dubai,2026-02-04T20:35:55.168285,false
1000,London,2026-02-04T20:35:55.168287,true
814.11,Dubai,2026-02-04T20:35:55.168289,false
1172.65,Dubai,2026-02-04T20:35:55.168292,false
1207.17,Dubai,2026-02-04T20:35:55.168294,false
1013.99,Dubai,2026-02-04T20:35:55.168297,false
1345.74,Dubai,2026-02-04T20:35:55.168299,false
1049.75,Dubai,2026-02-04T20:35:55.168301,false
1175.55,Dubai,2026-02-04T20:35:55.168303,false
995.76,Dubai,2026-02-04T20:35:55.168305,false
1193.95,Dubai,2026-02-04T20:35:55.168307,false
1140.97,Dubai,2026-02-04T20:35:55.168309,false
1183.73,Dubai,2026-02-04T20:35:55.168311,false
939.18,Dubai,2026-02-04T20:35:55.168314,false
845.23,Dubai,2026-02-04T20:35:55.168316,false
1216.86,Dubai,2026-02-04T20:35:55.168318,false
1110.68,Dubai,2026-02-04T20:35:55.168320,false
1223.91,Dubai,2026-02-04T20:35:55.168322,false
453.16,Dubai,2026-02-04T20:35:55.168324,false
1031.81,Dubai,2026-02-04T20:35:55.168326,false
1254.23,Dubai,2026-02-04T20:35:55.168328,false
1179.17,Dubai,2026-02-04T20:35:55.168330,false
1167.27,Dubai,2026-02-04T20:35:55.168332,false
955.49,Dubai,2026-02-04T20:35:55.168335,false
845.66,Dubai,2026-02-04T20:35:55.168337,false
1021.94,Dubai,2026-02-04T20:35:55.168339,false
761.33,Dubai,2026-02-04T20:35:55.168341,false
970.83,Dubai,2026-02-04T20:35:55.168343,false
616.33,Dubai,2026-02-04T20:35:55.168346,false
807.46,Dubai,2026-02-04T20:35:55.168348,false
1104.01,Dubai,2026-02-04T20:35:55.168350,false
1433.76,Dubai,2026-02-04T20:35:55.168352,false
1159.64,Dubai,2026-02-04T20:35:55.168354,false
1113.53,Dubai,2026-02-04T20:35:55.168356,false
901.5,Dubai,2026-02-04T20:35:55.168358,false
932.17,Dubai,2026-02-04T20:35:55.168361,false
946.5,Dubai,2026-02-04T20:35:55.168363,false
1199.15,Dubai,2026-02-04T20:35:55.168365,false
908.8,Dubai,2026-02-04T20:35:55.168367,false
1369.59,Dubai,2026-02-04T20:35:55.168369,false
932.1,Dubai,2026-02-04T20:35:55.168371,false
1230.57,Dubai,2026-02-04T20:35:55.168373,false
731.85,Dubai,2026-02-04T20:35:55.168375,false
1225.91,Dubai,2026-02-04T20:35:55.168378,false
1016.08,Dubai,2026-02-04T20:35:55.168380,false
1077.89,Dubai,2026-02-04T20:35:55.168382,false
1318.98,Dubai,2026-02-04T20:35:55.168384,false
1257.96,Dubai,2026-02-04T20:35:55.168386,false
952.7,Dubai,2026-02-04T20:35:55.168388,false
780.09,Dubai,2026-02-04T20:35:55.168391,false
1015.12,Dubai,2026-02-04T20:35:55.168393,false
1353.92,Dubai,2026-02-04T20:35:55.168395,false
820.81,Dubai,2026-02-04T20:35:55.168397,false
907.13,Dubai,2026-02-04T20:35:55.168399,false
2278.3,Dubai,2026-02-04T20:35:55.168401,true
775.93,Dubai,2026-02-04T20:35:55.168403,false
630.23,Dubai,2026-02-04T20:35:55.168406,false
1258.98,Dubai,2026-02-04T20:35:55.168408,false
1015.78,Dubai,2026-02-04T20:35:55.168410,false
779.75,Dubai,2026-02-04T20:35:55.168412,false
1043.57,Dubai,2026-02-04T20:35:55.168414,false
1236.08,Dubai,2026-02-04T20:35:55.168416,false
1361.2,Dubai,2026-02-04T20:35:55.168418,false
1133.12,Dubai,2026-02-04T20:35:55.168420,false
873.69,Dubai,2026-02-04T20:35:55.168423,false
2521.87,Dubai,2026-02-04T20:35:55.168425,true
1108.36,Dubai,2026-02-04T20:35:55.168427,false
758.98,Dubai,2026-02-04T20:35:55.168429,false
1119.02,Dubai,2026-02-04T20:35:55.168434,false
973.91,Dubai,2026-02-04T20:35:55.168436,false
1212.44,Dubai,2026-02-04T20:35:55.168438,false
940.67,Dubai,2026-02-04T20:35:55.168441,false
1014.95,Dubai,2026-02-04T20:35:55.168443,false
722.71,Dubai,2026-02-04T20:35:55.168445,false
986.15,Dubai,2026-02-04T20:35:55.168447,false
730.68,Dubai,2026-02-04T20:35:55.168449,false
1298.33,Dubai,2026-02-04T20:35:55.168451,false
904.17,Dubai,2026-02-04T20:35:55.168454,false
985.55,Dubai,2026-02-04T20:35:55.168456,false
1000,London,2026-02-04T20:35:55.168458,true
781.53,Dubai,2026-02-04T20:35:55.168460,false
1141.11,Dubai,2026-02-04T20:35:55.168462,false
987.62,Dubai,2026-02-04T20:35:55.168464,false
827.84,Dubai,2026-02-04T20:35:55.168466,false
1297.48,Dubai,2026-02-04T20:35:55.168468,false
972.37,Dubai,2026-02-04T20:35:55.168470,false
818.86,Dubai,2026-02-04T20:35:55.168473,false
1143.89,Dubai,2026-02-04T20:35:55.168475,false
928.38,Dubai,2026-02-04T20:35:55.168477,false
1371.34,Dubai,2026-02-04T20:35:55.168479,false
1000,London,2026-02-04T20:35:55.168481,true
1042.39,Dubai,2026-02-04T20:35:55.168483,false
1050.79,Dubai,2026-02-04T20:35:55.168485,false
1181.47,Dubai,2026-02-04T20:35:55.168487,false
582.64,Dubai,2026-02-04T20:35:55.168489,false
1099.39,Dubai,2026-02-04T20:35:55.168492,false
953.79,Dubai,2026-02-04T20:35:55.168494,false
1073.57,Dubai,2026-02-04T20:35:55.168496,false
1129.79,Dubai,2026-02-04T20:35:55.168498,false
1172.24,Dubai,2026-02-04T20:35:55.168500,false
779.35,Dubai,2026-02-04T20:35:55.168502,false
1123.43,Dubai,2026-02-04T20:35:55.168504,false
1217.5,Dubai,2026-02-04T20:35:55.168506,false
769.05,Dubai,2026-02-04T20:35:55.168508,false
1356.64,Dubai,2026-02-04T20:35:55.168510,false
879.79,Dubai,2026-02-04T20:35:55.168512,false
1145.0,Dubai,2026-02-04T20:35:55.168514,false
1099.82,Dubai,2026-02-04T20:35:55.168516,false
869.65,Dubai,2026-02-04T20:35:55.168518,false
955.57,Dubai,2026-02-04T20:35:55.168520,false
992.29,Dubai,2026-02-04T20:35:55.168522,false
912.85,Dubai,2026-02-04T20:35:55.168524,false
1256.04,Dubai,2026-02-04T20:35:55.168525,false
1360.26,Dubai,2026-02-04T20:35:55.168527,false
1048.43,Dubai,2026-02-04T20:35:55.168529,false
1141.43,Dubai,2026-02-04T20:35:55.168531,false
674.39,Dubai,2026-02-04T20:35:55.168533,false
1451.76,Dubai,2026-02-04T20:35:55.168535,false
1145.12,Dubai,2026-02-04T20:35:55.168537,false
1093.06,Dubai,2026-02-04T20:35:55.168539,false
770.35,Dubai,2026-02-04T20:35:55.168541,false
880.46,Dubai,2026-02-04T20:35:55.168543,false
981.14,Dubai,2026-02-04T20:35:55.168545,false
1060.1,Dubai,2026-02-04T20:35:55.168547,false
986.44,Dubai,2026-02-04T20:35:55.168550,false
1009.38,Dubai,2026-02-04T20:35:55.168553,false
1163.22,Dubai,2026-02-04T20:35:55.168555,false
1037.51,Dubai,2026-02-04T20:35:55.168558,false
1303.85,Dubai,2026-02-04T20:35:55.168561,false
1092.34,Dubai,2026-02-04T20:35:55.168563,false
1048.72,Dubai,2026-02-04T20:35:55.168566,false
1322.68,Dubai,2026-02-04T20:35:55.168569,false
493.35,Dubai,2026-02-04T20:35:55.168571,false
918.33,Dubai,2026-02-04T20:35:55.168574,false
1031.6,Dubai,2026-02-04T20:35:55.168576,false
1309.2,Dubai,2026-02-04T20:35:55.168578,false
1096.98,Dubai,2026-02-04T20:35:55.168580,false
799.85,Dubai,2026-02-04T20:35:55.168582,false
1395.64,Dubai,2026-02-04T20:35:55.168584,false
1000,London,2026-02-04T20:35:55.168586,true
1266.41,Dubai,2026-02-04T20:35:55.168588,false
1072.32,Dubai,2026-02-04T20:35:55.168590,false
1177.24,Dubai,2026-02-04T20:35:55.168592,false
1194.28,Dubai,2026-02-04T20:35:55.168595,false
1398.22,Dubai,2026-02-04T20:35:55.168597,false
1234.12,Dubai,2026-02-04T20:35:55.168599,false
1002.92,Dubai,2026-02-04T20:35:55.168601,false
1218.93,Dubai,2026-02-04T20:35:55.168603,false
1190.2,Dubai,2026-02-04T20:35:55.168605,false
1016.09,Dubai,2026-02-04T20:35:55.168607,false
965.76,Dubai,2026-02-04T20:35:55.168610,false
1081.7,Dubai,2026-02-04T20:35:55.168612,false
1072.41,Dubai,2026-02-04T20:35:55.168614,false
1109.56,Dubai,2026-02-04T20:35:55.168616,false
1068.77,Dubai,2026-02-04T20:35:55.168618,false
1085.32,Dubai,2026-02-04T20:35:55.168620,false
1244.16,Dubai,2026-02-04T20:35:55.168622,false
903.05,Dubai,2026-02-04T20:35:55.168624,false
